تاریخ,مبلغ,نوع تراکنش,دپارتمان,توضیحات
2025-04-16 11:00:46.470633,17508.53,هزینه,فروش,تراکنش نمونه 0
2024-05-18 11:00:46.470695,46483.5,هزینه,فناوری,تراکنش نمونه 1
2024-10-30 11:00:46.470704,41547.91,درآمد,مارکتینگ,تراکنش نمونه 2
2025-04-12 11:00:46.470711,48254.84,هزینه,فروش,تراکنش نمونه 3
2025-05-17 11:00:46.470718,6302.43,درآمد,مارکتینگ,تراکنش نمونه 4
2023-08-27 11:00:46.470724,36570.29,درآمد,فناوری,تراکنش نمونه 5
2025-07-07 11:00:46.470730,46923.19,هزینه,مارکتینگ,تراکنش نمونه 6
2023-11-21 11:00:46.470736,9143.53,درآمد,پشتیبانی,تراکنش نمونه 7
2025-03-28 11:00:46.470742,3418.16,درآمد,پشتیبانی,تراکنش نمونه 8
2024-04-17 11:00:46.470747,37081.92,درآمد,مارکتینگ,تراکنش نمونه 9
2024-12-25 11:00:46.470753,28766.21,درآمد,فروش,تراکنش نمونه 10
2024-08-31 11:00:46.470759,42107.26,درآمد,فروش,تراکنش نمونه 11
2024-04-25 11:00:46.470764,7074.64,درآمد,فروش,تراکنش نمونه 12
2025-05-01 11:00:46.470770,39783.84,درآمد,مارکتینگ,تراکنش نمونه 13
2024-07-20 11:00:46.470775,10161.2,درآمد,فروش,تراکنش نمونه 14
2025-04-19 11:00:46.470781,8266.43,هزینه,فناوری,تراکنش نمونه 15
2023-10-03 11:00:46.470787,8296.86,هزینه,پشتیبانی,تراکنش نمونه 16
2025-03-19 11:00:46.470792,40747.28,هزینه,فناوری,تراکنش نمونه 17
2023-10-05 11:00:46.470798,33293.34,درآمد,فروش,تراکنش نمونه 18
2024-09-22 11:00:46.470803,26200.96,درآمد,فناوری,تراکنش نمونه 19
2024-08-18 11:00:46.470809,18005.64,هزینه,فروش,تراکنش نمونه 20
2024-03-23 11:00:46.470814,43872.31,هزینه,مارکتینگ,تراکنش نمونه 21
2024-06-09 11:00:46.470820,19683.01,هزینه,فناوری,تراکنش نمونه 22
2024-07-07 11:00:46.470826,40848.31,درآمد,مارکتینگ,تراکنش نمونه 23
2025-01-17 11:00:46.470832,22012.83,هزینه,مارکتینگ,تراکنش نمونه 24
2024-10-24 11:00:46.470837,18909.53,هزینه,مالی,تراکنش نمونه 25
2025-02-17 11:00:46.470843,23187.72,درآمد,فروش,تراکنش نمونه 26
2024-04-24 11:00:46.470849,15138.76,هزینه,پشتیبانی,تراکنش نمونه 27
2024-09-17 11:00:46.470854,37405.71,درآمد,فروش,تراکنش نمونه 28
2025-07-06 11:00:46.470860,25185.75,درآمد,پشتیبانی,تراکنش نمونه 29
2024-11-17 11:00:46.470865,11687.41,درآمد,فروش,تراکنش نمونه 30
2024-01-14 11:00:46.470871,44988.77,هزینه,مارکتینگ,تراکنش نمونه 31
2024-04-09 11:00:46.470876,19256.17,هزینه,فناوری,تراکنش نمونه 32
2025-05-30 11:00:46.470882,27223.29,درآمد,فناوری,تراکنش نمونه 33
2024-03-04 11:00:46.470887,45332.96,هزینه,مالی,تراکنش نمونه 34
2023-09-15 11:00:46.470893,31249.48,هزینه,پشتیبانی,تراکنش نمونه 35
2024-04-08 11:00:46.470898,5933.21,هزینه,پشتیبانی,تراکنش نمونه 36
2023-08-28 11:00:46.470904,46997.62,هزینه,پشتیبانی,تراکنش نمونه 37
2025-01-19 11:00:46.470909,31422.63,درآمد,مارکتینگ,تراکنش نمونه 38
2023-09-10 11:00:46.470915,16811.79,هزینه,پشتیبانی,تراکنش نمونه 39
2024-01-12 11:00:46.470921,7049.68,درآمد,فناوری,تراکنش نمونه 40
2024-01-08 11:00:46.470926,39721.86,درآمد,مارکتینگ,تراکنش نمونه 41
2024-11-26 11:00:46.470932,31041.63,هزینه,فروش,تراکنش نمونه 42
2024-03-10 11:00:46.470937,26719.71,درآمد,پشتیبانی,تراکنش نمونه 43
2025-03-19 11:00:46.470943,44705.24,هزینه,پشتیبانی,تراکنش نمونه 44
2024-03-30 11:00:46.470948,39451.0,هزینه,فروش,تراکنش نمونه 45
2023-10-20 11:00:46.470954,7668.58,درآمد,پشتیبانی,تراکنش نمونه 46
2025-07-07 11:00:46.470959,15654.93,درآمد,فروش,تراکنش نمونه 47
2025-02-11 11:00:46.470965,12499.61,درآمد,مارکتینگ,تراکنش نمونه 48
2024-10-27 11:00:46.470970,37222.92,درآمد,فناوری,تراکنش نمونه 49
2024-07-05 11:00:46.470976,1773.27,هزینه,فروش,تراکنش نمونه 50
2023-12-05 11:00:46.470982,28537.5,هزینه,مالی,تراکنش نمونه 51
2024-09-15 11:00:46.470987,38146.69,هزینه,فروش,تراکنش نمونه 52
2025-07-14 11:00:46.470993,43850.61,درآمد,پشتیبانی,تراکنش نمونه 53
2024-11-28 11:00:46.470998,17169.88,درآمد,مارکتینگ,تراکنش نمونه 54
2024-08-16 11:00:46.471004,41080.74,درآمد,مارکتینگ,تراکنش نمونه 55
2024-01-10 11:00:46.471009,5620.52,هزینه,فروش,تراکنش نمونه 56
2024-08-22 11:00:46.471015,42337.97,درآمد,فناوری,تراکنش نمونه 57
2025-04-27 11:00:46.471020,6461.68,هزینه,مالی,تراکنش نمونه 58
2024-07-26 11:00:46.471026,19924.64,درآمد,مارکتینگ,تراکنش نمونه 59
2024-04-29 11:00:46.471031,39885.04,هزینه,پشتیبانی,تراکنش نمونه 60
2024-05-26 11:00:46.471037,7580.88,هزینه,پشتیبانی,تراکنش نمونه 61
2024-03-06 11:00:46.471042,11539.64,درآمد,فناوری,تراکنش نمونه 62
2025-06-23 11:00:46.471048,36140.4,درآمد,مارکتینگ,تراکنش نمونه 63
2025-01-03 11:00:46.471053,36029.82,هزینه,فروش,تراکنش نمونه 64
2025-05-08 11:00:46.471059,32093.27,هزینه,پشتیبانی,تراکنش نمونه 65
2024-01-13 11:00:46.471064,34728.03,درآمد,فناوری,تراکنش نمونه 66
2024-07-05 11:00:46.471070,27181.95,درآمد,مارکتینگ,تراکنش نمونه 67
2025-07-26 11:00:46.471075,12664.77,هزینه,مارکتینگ,تراکنش نمونه 68
2024-07-03 11:00:46.471081,17350.23,درآمد,مارکتینگ,تراکنش نمونه 69
2024-01-09 11:00:46.471086,9161.73,هزینه,مارکتینگ,تراکنش نمونه 70
2025-04-13 11:00:46.471092,45431.68,هزینه,مارکتینگ,تراکنش نمونه 71
2024-04-07 11:00:46.471097,29211.25,درآمد,پشتیبانی,تراکنش نمونه 72
2023-08-25 11:00:46.471102,20102.49,درآمد,فناوری,تراکنش نمونه 73
2024-06-21 11:00:46.471108,23154.09,درآمد,مارکتینگ,تراکنش نمونه 74
2024-01-19 11:00:46.471113,47369.44,درآمد,مالی,تراکنش نمونه 75
2025-02-16 11:00:46.471119,7752.24,درآمد,مالی,تراکنش نمونه 76
2025-01-07 11:00:46.471125,29352.87,هزینه,فناوری,تراکنش نمونه 77
2024-10-31 11:00:46.471131,25343.85,هزینه,فروش,تراکنش نمونه 78
2024-10-30 11:00:46.471136,30611.57,درآمد,فروش,تراکنش نمونه 79
2024-04-28 11:00:46.471142,1003.7,درآمد,فروش,تراکنش نمونه 80
2024-04-22 11:00:46.471147,43618.98,درآمد,مالی,تراکنش نمونه 81
2023-08-01 11:00:46.471153,46612.7,هزینه,فروش,تراکنش نمونه 82
2024-11-18 11:00:46.471158,28300.15,درآمد,پشتیبانی,تراکنش نمونه 83
2023-08-26 11:00:46.471164,34862.88,درآمد,مارکتینگ,تراکنش نمونه 84
2024-10-05 11:00:46.471169,46132.72,هزینه,مالی,تراکنش نمونه 85
2023-08-03 11:00:46.471175,35391.21,هزینه,فناوری,تراکنش نمونه 86
2023-08-08 11:00:46.471180,7711.7,درآمد,فناوری,تراکنش نمونه 87
2024-08-24 11:00:46.471185,28856.79,درآمد,مارکتینگ,تراکنش نمونه 88
2025-06-05 11:00:46.471191,30375.08,درآمد,مالی,تراکنش نمونه 89
2024-12-23 11:00:46.471196,21264.12,هزینه,فروش,تراکنش نمونه 90
2025-01-21 11:00:46.471202,36848.57,درآمد,فروش,تراکنش نمونه 91
2024-07-13 11:00:46.471207,46724.91,درآمد,پشتیبانی,تراکنش نمونه 92
2024-03-22 11:00:46.471213,46285.87,درآمد,پشتیبانی,تراکنش نمونه 93
2025-06-17 11:00:46.471218,22596.88,هزینه,فروش,تراکنش نمونه 94
2025-02-21 11:00:46.471224,5750.58,هزینه,فناوری,تراکنش نمونه 95
2025-07-13 11:00:46.471229,49243.58,درآمد,فناوری,تراکنش نمونه 96
2025-05-24 11:00:46.471235,41961.01,درآمد,پشتیبانی,تراکنش نمونه 97
2024-02-23 11:00:46.471240,6320.67,هزینه,مارکتینگ,تراکنش نمونه 98
2024-08-18 11:00:46.471246,46050.01,هزینه,فروش,تراکنش نمونه 99
2025-03-21 11:00:46.471251,43507.83,هزینه,پشتیبانی,تراکنش نمونه 100
2023-10-19 11:00:46.471257,25990.02,هزینه,پشتیبانی,تراکنش نمونه 101
2024-04-12 11:00:46.471262,29604.64,هزینه,فروش,تراکنش نمونه 102
2025-05-26 11:00:46.471268,20010.23,هزینه,فروش,تراکنش نمونه 103
2025-03-11 11:00:46.471273,2832.61,هزینه,فناوری,تراکنش نمونه 104
2024-03-16 11:00:46.471279,16826.34,هزینه,مارکتینگ,تراکنش نمونه 105
2023-12-13 11:00:46.471284,40162.39,هزینه,مارکتینگ,تراکنش نمونه 106
2024-07-01 11:00:46.471290,331.14,درآمد,فروش,تراکنش نمونه 107
2023-09-22 11:00:46.471295,16741.61,درآمد,مالی,تراکنش نمونه 108
2024-06-04 11:00:46.471301,19968.62,درآمد,پشتیبانی,تراکنش نمونه 109
2024-10-12 11:00:46.471307,26916.04,هزینه,پشتیبانی,تراکنش نمونه 110
2024-07-14 11:00:46.471312,46000.8,درآمد,فروش,تراکنش نمونه 111
2024-03-25 11:00:46.471318,17382.67,هزینه,مالی,تراکنش نمونه 112
2024-12-09 11:00:46.471323,17412.96,هزینه,فناوری,تراکنش نمونه 113
2025-06-17 11:00:46.471329,36901.31,درآمد,فروش,تراکنش نمونه 114
2025-06-30 11:00:46.471334,22665.68,هزینه,فروش,تراکنش نمونه 115
2025-03-15 11:00:46.471339,11307.78,درآمد,پشتیبانی,تراکنش نمونه 116
2025-01-08 11:00:46.471345,22676.73,درآمد,فروش,تراکنش نمونه 117
2025-06-25 11:00:46.471350,7128.77,درآمد,فروش,تراکنش نمونه 118
2025-06-10 11:00:46.471356,8901.71,هزینه,فروش,تراکنش نمونه 119
2024-03-12 11:00:46.471361,24968.55,درآمد,پشتیبانی,تراکنش نمونه 120
2024-06-16 11:00:46.471367,21004.38,هزینه,فناوری,تراکنش نمونه 121
2024-01-01 11:00:46.471372,45750.81,درآمد,فناوری,تراکنش نمونه 122
2023-07-31 11:00:46.471378,18183.46,درآمد,فروش,تراکنش نمونه 123
2025-04-20 11:00:46.471383,29071.36,درآمد,پشتیبانی,تراکنش نمونه 124
2023-09-13 11:00:46.471389,31649.99,هزینه,فناوری,تراکنش نمونه 125
2023-08-02 11:00:46.471394,753.41,هزینه,فناوری,تراکنش نمونه 126
2024-01-28 11:00:46.471399,33210.51,هزینه,فناوری,تراکنش نمونه 127
2023-11-23 11:00:46.471405,8983.99,درآمد,پشتیبانی,تراکنش نمونه 128
2024-04-22 11:00:46.471411,48057.41,درآمد,پشتیبانی,تراکنش نمونه 129
2023-10-24 11:00:46.471416,7518.27,هزینه,فروش,تراکنش نمونه 130
2025-07-23 11:00:46.471422,20789.74,هزینه,مارکتینگ,تراکنش نمونه 131
2024-12-22 11:00:46.471427,4358.95,هزینه,فناوری,تراکنش نمونه 132
2024-03-12 11:00:46.471432,49844.03,هزینه,مارکتینگ,تراکنش نمونه 133
2024-06-25 11:00:46.471438,25159.53,هزینه,پشتیبانی,تراکنش نمونه 134
2024-06-30 11:00:46.471443,29809.71,هزینه,پشتیبانی,تراکنش نمونه 135
2025-01-02 11:00:46.471449,3447.12,درآمد,پشتیبانی,تراکنش نمونه 136
2025-07-13 11:00:46.471454,37523.03,هزینه,مارکتینگ,تراکنش نمونه 137
2024-01-21 11:00:46.471459,10574.29,درآمد,پشتیبانی,تراکنش نمونه 138
2024-04-23 11:00:46.471465,44912.91,درآمد,فروش,تراکنش نمونه 139
2023-09-06 11:00:46.471470,10336.47,هزینه,پشتیبانی,تراکنش نمونه 140
2023-12-31 11:00:46.471476,9615.32,هزینه,مالی,تراکنش نمونه 141
2024-11-29 11:00:46.471481,1923.83,درآمد,مارکتینگ,تراکنش نمونه 142
2024-01-11 11:00:46.471487,23656.14,هزینه,مالی,تراکنش نمونه 143
2025-04-23 11:00:46.471492,28285.57,هزینه,پشتیبانی,تراکنش نمونه 144
2024-03-30 11:00:46.471498,3378.86,درآمد,فروش,تراکنش نمونه 145
2024-06-16 11:00:46.471503,38798.83,درآمد,فناوری,تراکنش نمونه 146
2024-12-09 11:00:46.471509,22719.11,درآمد,پشتیبانی,تراکنش نمونه 147
2023-10-12 11:00:46.471514,26267.07,هزینه,فروش,تراکنش نمونه 148
2025-02-07 11:00:46.471520,22094.06,درآمد,مارکتینگ,تراکنش نمونه 149
2024-02-03 11:00:46.471526,20098.08,هزینه,مالی,تراکنش نمونه 150
2025-06-22 11:00:46.471531,28026.05,درآمد,مالی,تراکنش نمونه 151
2024-02-19 11:00:46.471537,7846.49,درآمد,مالی,تراکنش نمونه 152
2025-02-18 11:00:46.471542,9178.21,درآمد,مارکتینگ,تراکنش نمونه 153
2023-08-29 11:00:46.471548,43103.1,هزینه,فروش,تراکنش نمونه 154
2024-11-27 11:00:46.471553,47311.16,هزینه,مارکتینگ,تراکنش نمونه 155
2025-05-03 11:00:46.471559,18728.13,درآمد,مالی,تراکنش نمونه 156
2023-12-28 11:00:46.471564,13610.16,درآمد,پشتیبانی,تراکنش نمونه 157
2023-09-15 11:00:46.471570,32235.58,درآمد,فناوری,تراکنش نمونه 158
2024-01-18 11:00:46.471575,20495.84,هزینه,مارکتینگ,تراکنش نمونه 159
2024-01-01 11:00:46.471581,1366.78,درآمد,مارکتینگ,تراکنش نمونه 160
2023-10-21 11:00:46.471586,7892.01,هزینه,فروش,تراکنش نمونه 161
2025-06-30 11:00:46.471592,35827.01,درآمد,فروش,تراکنش نمونه 162
2023-11-16 11:00:46.471606,32980.3,درآمد,مارکتینگ,تراکنش نمونه 163
2024-01-19 11:00:46.471612,1452.09,درآمد,مالی,تراکنش نمونه 164
2024-08-22 11:00:46.471618,11176.41,درآمد,فناوری,تراکنش نمونه 165
2024-08-31 11:00:46.471623,11630.63,درآمد,فروش,تراکنش نمونه 166
2023-10-27 11:00:46.471629,33627.45,درآمد,مالی,تراکنش نمونه 167
2024-03-09 11:00:46.471634,1083.56,هزینه,پشتیبانی,تراکنش نمونه 168
2024-08-14 11:00:46.471640,5295.02,درآمد,فروش,تراکنش نمونه 169
2024-04-11 11:00:46.471645,40015.81,هزینه,مالی,تراکنش نمونه 170
2024-12-09 11:00:46.471650,9009.38,درآمد,مالی,تراکنش نمونه 171
2025-01-19 11:00:46.471656,32672.03,درآمد,فناوری,تراکنش نمونه 172
2024-12-15 11:00:46.471661,11985.32,هزینه,فناوری,تراکنش نمونه 173
2024-07-08 11:00:46.471667,5062.13,درآمد,پشتیبانی,تراکنش نمونه 174
2024-07-16 11:00:46.471672,12234.29,هزینه,مالی,تراکنش نمونه 175
2024-10-18 11:00:46.471678,36141.12,هزینه,مالی,تراکنش نمونه 176
2023-11-03 11:00:46.471683,42799.25,درآمد,فناوری,تراکنش نمونه 177
2023-11-08 11:00:46.471689,41527.97,هزینه,فروش,تراکنش نمونه 178
2024-11-11 11:00:46.471694,19919.46,هزینه,فروش,تراکنش نمونه 179
2024-08-03 11:00:46.471699,33437.45,درآمد,مارکتینگ,تراکنش نمونه 180
2023-08-18 11:00:46.471705,10328.72,هزینه,فناوری,تراکنش نمونه 181
2024-04-28 11:00:46.471710,14728.07,درآمد,مارکتینگ,تراکنش نمونه 182
2024-06-12 11:00:46.471716,44827.16,درآمد,فناوری,تراکنش نمونه 183
2023-10-18 11:00:46.471721,748.8,درآمد,پشتیبانی,تراکنش نمونه 184
2024-09-13 11:00:46.471727,4366.88,درآمد,مالی,تراکنش نمونه 185
2023-09-20 11:00:46.471732,10473.52,هزینه,پشتیبانی,تراکنش نمونه 186
2024-12-15 11:00:46.471737,1423.96,درآمد,فناوری,تراکنش نمونه 187
2024-12-06 11:00:46.471743,9153.63,درآمد,مالی,تراکنش نمونه 188
2023-09-13 11:00:46.471748,29193.77,هزینه,فروش,تراکنش نمونه 189
2023-10-03 11:00:46.471754,21129.09,درآمد,فروش,تراکنش نمونه 190
2024-07-19 11:00:46.471759,44644.32,درآمد,مارکتینگ,تراکنش نمونه 191
2023-09-25 11:00:46.471765,40890.43,هزینه,فناوری,تراکنش نمونه 192
2023-11-28 11:00:46.471770,17156.69,هزینه,فناوری,تراکنش نمونه 193
2024-04-12 11:00:46.471775,13045.23,هزینه,فروش,تراکنش نمونه 194
2024-12-07 11:00:46.471781,19046.65,هزینه,پشتیبانی,تراکنش نمونه 195
2023-09-05 11:00:46.471786,29555.72,هزینه,مالی,تراکنش نمونه 196
2025-04-06 11:00:46.471792,13476.38,هزینه,پشتیبانی,تراکنش نمونه 197
2024-03-18 11:00:46.471797,31245.03,هزینه,پشتیبانی,تراکنش نمونه 198
2024-05-12 11:00:46.471802,20529.64,درآمد,فروش,تراکنش نمونه 199
2024-01-11 11:00:46.471808,27647.15,هزینه,فروش,تراکنش نمونه 200
2024-11-02 11:00:46.471814,21862.71,هزینه,فروش,تراکنش نمونه 201
2024-03-05 11:00:46.471819,14793.84,هزینه,مارکتینگ,تراکنش نمونه 202
2024-07-07 11:00:46.471825,47427.82,درآمد,پشتیبانی,تراکنش نمونه 203
2024-07-06 11:00:46.471830,38203.93,درآمد,فناوری,تراکنش نمونه 204
2025-04-06 11:00:46.471835,7091.65,هزینه,مالی,تراکنش نمونه 205
2023-11-23 11:00:46.471841,43436.55,هزینه,مارکتینگ,تراکنش نمونه 206
2023-11-11 11:00:46.471846,24422.82,هزینه,فناوری,تراکنش نمونه 207
2025-05-08 11:00:46.471852,44738.16,درآمد,پشتیبانی,تراکنش نمونه 208
2023-08-29 11:00:46.471857,40012.78,درآمد,فروش,تراکنش نمونه 209
2025-04-06 11:00:46.471862,21318.15,هزینه,پشتیبانی,تراکنش نمونه 210
2025-07-26 11:00:46.471868,1221.22,درآمد,مالی,تراکنش نمونه 211
2023-10-25 11:00:46.471873,13507.0,هزینه,مارکتینگ,تراکنش نمونه 212
2024-12-20 11:00:46.471879,27127.55,درآمد,مارکتینگ,تراکنش نمونه 213
2024-01-09 11:00:46.471884,31710.56,درآمد,مالی,تراکنش نمونه 214
2024-12-15 11:00:46.471889,12968.6,هزینه,فناوری,تراکنش نمونه 215
2024-07-08 11:00:46.471895,7053.87,هزینه,فناوری,تراکنش نمونه 216
2024-06-20 11:00:46.471900,41763.02,هزینه,مارکتینگ,تراکنش نمونه 217
2023-10-29 11:00:46.471906,49221.67,هزینه,مارکتینگ,تراکنش نمونه 218
2025-03-20 11:00:46.471911,26331.94,درآمد,فروش,تراکنش نمونه 219
2025-06-05 11:00:46.471916,8666.8,درآمد,فناوری,تراکنش نمونه 220
2023-09-13 11:00:46.471922,13688.14,درآمد,مالی,تراکنش نمونه 221
2023-09-25 11:00:46.471927,1017.69,هزینه,فناوری,تراکنش نمونه 222
2023-08-18 11:00:46.471933,45723.51,درآمد,فروش,تراکنش نمونه 223
2024-06-07 11:00:46.471938,5975.78,هزینه,مارکتینگ,تراکنش نمونه 224
2024-11-23 11:00:46.471944,28868.17,درآمد,مارکتینگ,تراکنش نمونه 225
2024-05-15 11:00:46.471949,13775.36,هزینه,فروش,تراکنش نمونه 226
2025-01-06 11:00:46.471955,27753.48,هزینه,مالی,تراکنش نمونه 227
2025-01-25 11:00:46.471960,32605.88,درآمد,مارکتینگ,تراکنش نمونه 228
2025-03-27 11:00:46.471965,41504.12,هزینه,پشتیبانی,تراکنش نمونه 229
2024-06-22 11:00:46.471971,10400.42,هزینه,مارکتینگ,تراکنش نمونه 230
2024-10-07 11:00:46.471976,648.69,درآمد,پشتیبانی,تراکنش نمونه 231
2024-10-21 11:00:46.471982,6930.59,هزینه,فروش,تراکنش نمونه 232
2023-11-26 11:00:46.471987,45010.93,هزینه,فروش,تراکنش نمونه 233
2025-01-11 11:00:46.471993,43707.11,هزینه,مارکتینگ,تراکنش نمونه 234
2024-03-04 11:00:46.471998,29910.91,درآمد,فناوری,تراکنش نمونه 235
2025-03-06 11:00:46.472004,30065.79,درآمد,پشتیبانی,تراکنش نمونه 236
2023-11-27 11:00:46.472009,33285.33,هزینه,مالی,تراکنش نمونه 237
2025-01-08 11:00:46.472015,8851.03,درآمد,مارکتینگ,تراکنش نمونه 238
2025-03-26 11:00:46.472020,45729.16,هزینه,مالی,تراکنش نمونه 239
2025-01-22 11:00:46.472025,20996.65,هزینه,مارکتینگ,تراکنش نمونه 240
2024-09-05 11:00:46.472031,19218.61,هزینه,فناوری,تراکنش نمونه 241
2024-04-20 11:00:46.472036,25993.99,هزینه,فناوری,تراکنش نمونه 242
2024-08-13 11:00:46.472042,2443.6,هزینه,فناوری,تراکنش نمونه 243
2023-10-07 11:00:46.472047,8397.54,درآمد,فناوری,تراکنش نمونه 244
2024-06-20 11:00:46.472053,36927.88,هزینه,فروش,تراکنش نمونه 245
2024-08-16 11:00:46.472058,4231.65,درآمد,فروش,تراکنش نمونه 246
2024-03-04 11:00:46.472064,30197.29,درآمد,پشتیبانی,تراکنش نمونه 247
2025-03-03 11:00:46.472069,12342.92,هزینه,مالی,تراکنش نمونه 248
2025-03-02 11:00:46.472075,19525.85,هزینه,مارکتینگ,تراکنش نمونه 249
2023-08-17 11:00:46.472080,14505.82,درآمد,مارکتینگ,تراکنش نمونه 250
2024-03-26 11:00:46.472086,17848.07,درآمد,فروش,تراکنش نمونه 251
2023-10-27 11:00:46.472091,35980.39,درآمد,مارکتینگ,تراکنش نمونه 252
2024-01-24 11:00:46.472097,14926.37,هزینه,فروش,تراکنش نمونه 253
2024-08-24 11:00:46.472102,28363.59,درآمد,پشتیبانی,تراکنش نمونه 254
2023-10-26 11:00:46.472108,23854.92,هزینه,مالی,تراکنش نمونه 255
2024-04-11 11:00:46.472113,33217.19,هزینه,پشتیبانی,تراکنش نمونه 256
2025-02-27 11:00:46.472119,46847.8,هزینه,فناوری,تراکنش نمونه 257
2024-06-08 11:00:46.472124,36655.35,درآمد,فناوری,تراکنش نمونه 258
2024-10-03 11:00:46.472130,10825.52,هزینه,فناوری,تراکنش نمونه 259
2023-11-25 11:00:46.472135,1656.04,هزینه,پشتیبانی,تراکنش نمونه 260
2024-11-07 11:00:46.472141,13186.98,هزینه,مارکتینگ,تراکنش نمونه 261
2025-03-06 11:00:46.472146,29794.39,هزینه,مالی,تراکنش نمونه 262
2024-08-16 11:00:46.472152,2666.15,هزینه,فناوری,تراکنش نمونه 263
2023-11-12 11:00:46.472157,24868.68,درآمد,فناوری,تراکنش نمونه 264
2024-01-03 11:00:46.472163,29882.46,هزینه,فناوری,تراکنش نمونه 265
2025-07-26 11:00:46.472168,16778.77,هزینه,مالی,تراکنش نمونه 266
2024-09-27 11:00:46.472174,38568.52,درآمد,فناوری,تراکنش نمونه 267
2024-11-16 11:00:46.472179,5419.25,هزینه,مالی,تراکنش نمونه 268
2023-10-15 11:00:46.472185,3849.38,درآمد,فناوری,تراکنش نمونه 269
2024-05-01 11:00:46.472190,36436.62,هزینه,پشتیبانی,تراکنش نمونه 270
2025-06-21 11:00:46.472196,24825.02,درآمد,پشتیبانی,تراکنش نمونه 271
2025-02-18 11:00:46.472201,34451.28,درآمد,مالی,تراکنش نمونه 272
2025-07-19 11:00:46.472206,21797.88,هزینه,پشتیبانی,تراکنش نمونه 273
2024-12-07 11:00:46.472212,12395.46,هزینه,مالی,تراکنش نمونه 274
2025-04-20 11:00:46.472217,40973.21,هزینه,پشتیبانی,تراکنش نمونه 275
2023-10-08 11:00:46.472223,39990.85,درآمد,پشتیبانی,تراکنش نمونه 276
2025-01-01 11:00:46.472228,34765.35,درآمد,مالی,تراکنش نمونه 277
2025-03-19 11:00:46.472234,13680.04,درآمد,مارکتینگ,تراکنش نمونه 278
2024-06-19 11:00:46.472239,29552.51,هزینه,پشتیبانی,تراکنش نمونه 279
2025-02-26 11:00:46.472245,18112.6,درآمد,فناوری,تراکنش نمونه 280
2025-06-04 11:00:46.472250,4669.95,درآمد,مارکتینگ,تراکنش نمونه 281
2025-03-30 11:00:46.472256,45873.95,هزینه,مالی,تراکنش نمونه 282
2023-09-24 11:00:46.472261,6927.25,درآمد,مارکتینگ,تراکنش نمونه 283
2023-11-08 11:00:46.472267,47516.84,درآمد,فروش,تراکنش نمونه 284
2023-12-19 11:00:46.472272,22355.69,هزینه,فروش,تراکنش نمونه 285
2023-11-11 11:00:46.472277,9338.13,درآمد,پشتیبانی,تراکنش نمونه 286
2024-06-03 11:00:46.472283,27140.86,هزینه,پشتیبانی,تراکنش نمونه 287
2024-06-01 11:00:46.472288,43660.0,هزینه,فناوری,تراکنش نمونه 288
2025-04-15 11:00:46.472294,36638.02,هزینه,مارکتینگ,تراکنش نمونه 289
2024-11-16 11:00:46.472299,40347.4,هزینه,فروش,تراکنش نمونه 290
2024-12-13 11:00:46.472305,32973.29,هزینه,پشتیبانی,تراکنش نمونه 291
2025-04-07 11:00:46.472310,34644.6,درآمد,مارکتینگ,تراکنش نمونه 292
2024-03-05 11:00:46.472315,42474.86,درآمد,پشتیبانی,تراکنش نمونه 293
2024-04-11 11:00:46.472321,12558.43,هزینه,پشتیبانی,تراکنش نمونه 294
2025-04-20 11:00:46.472326,24522.31,هزینه,فروش,تراکنش نمونه 295
2025-02-25 11:00:46.472332,11138.35,درآمد,فروش,تراکنش نمونه 296
2024-08-24 11:00:46.472337,49384.63,هزینه,پشتیبانی,تراکنش نمونه 297
2023-08-22 11:00:46.472343,47208.56,هزینه,مالی,تراکنش نمونه 298
2025-02-15 11:00:46.472348,2067.4,هزینه,پشتیبانی,تراکنش نمونه 299
2023-08-08 11:00:46.472354,35308.2,درآمد,پشتیبانی,تراکنش نمونه 300
2023-09-16 11:00:46.472359,46269.89,درآمد,فناوری,تراکنش نمونه 301
2025-02-17 11:00:46.472365,9110.71,هزینه,فناوری,تراکنش نمونه 302
2023-12-26 11:00:46.472370,28440.47,هزینه,فناوری,تراکنش نمونه 303
2024-06-25 11:00:46.472376,45782.87,درآمد,مالی,تراکنش نمونه 304
2024-10-24 11:00:46.472381,1793.9,درآمد,مالی,تراکنش نمونه 305
2024-03-11 11:00:46.472387,34901.27,هزینه,پشتیبانی,تراکنش نمونه 306
2024-07-01 11:00:46.472392,14937.72,هزینه,فناوری,تراکنش نمونه 307
2025-03-15 11:00:46.472397,46227.37,درآمد,مالی,تراکنش نمونه 308
2025-01-14 11:00:46.472408,48555.81,درآمد,فروش,تراکنش نمونه 309
2024-06-22 11:00:46.472414,47218.9,درآمد,پشتیبانی,تراکنش نمونه 310
2023-10-27 11:00:46.472419,23763.29,هزینه,مارکتینگ,تراکنش نمونه 311
2025-06-25 11:00:46.472425,43115.93,درآمد,پشتیبانی,تراکنش نمونه 312
2023-09-09 11:00:46.472430,42243.01,هزینه,مارکتینگ,تراکنش نمونه 313
2024-04-24 11:00:46.472435,16023.11,درآمد,فناوری,تراکنش نمونه 314
2024-04-14 11:00:46.472441,41462.88,درآمد,مارکتینگ,تراکنش نمونه 315
2024-07-18 11:00:46.472446,1946.68,درآمد,فناوری,تراکنش نمونه 316
2025-07-06 11:00:46.472452,29853.87,درآمد,فروش,تراکنش نمونه 317
2023-09-27 11:00:46.472457,11577.44,هزینه,مارکتینگ,تراکنش نمونه 318
2025-06-20 11:00:46.472463,6116.29,هزینه,پشتیبانی,تراکنش نمونه 319
2024-12-10 11:00:46.472468,3939.96,درآمد,فناوری,تراکنش نمونه 320
2024-07-28 11:00:46.472473,34844.81,هزینه,پشتیبانی,تراکنش نمونه 321
2024-01-12 11:00:46.472479,17059.76,درآمد,مالی,تراکنش نمونه 322
2024-05-16 11:00:46.472484,36265.86,درآمد,فناوری,تراکنش نمونه 323
2024-10-18 11:00:46.472490,3361.28,درآمد,مارکتینگ,تراکنش نمونه 324
2025-07-01 11:00:46.472495,15832.99,درآمد,فناوری,تراکنش نمونه 325
2024-12-14 11:00:46.472500,27020.62,هزینه,پشتیبانی,تراکنش نمونه 326
2024-10-24 11:00:46.472506,39557.09,درآمد,فروش,تراکنش نمونه 327
2023-11-27 11:00:46.472511,16005.75,درآمد,فناوری,تراکنش نمونه 328
2024-10-17 11:00:46.472517,31331.98,هزینه,مارکتینگ,تراکنش نمونه 329
2024-04-03 11:00:46.472522,44310.29,درآمد,مالی,تراکنش نمونه 330
2024-05-01 11:00:46.472528,30831.57,درآمد,فروش,تراکنش نمونه 331
2023-10-08 11:00:46.472533,11724.68,درآمد,مالی,تراکنش نمونه 332
2024-02-28 11:00:46.472538,1317.6,هزینه,فناوری,تراکنش نمونه 333
2024-01-28 11:00:46.472544,43517.93,درآمد,پشتیبانی,تراکنش نمونه 334
2025-01-17 11:00:46.472549,1161.34,هزینه,پشتیبانی,تراکنش نمونه 335
2025-06-09 11:00:46.472555,43747.61,درآمد,مارکتینگ,تراکنش نمونه 336
2024-03-03 11:00:46.472560,26493.96,درآمد,پشتیبانی,تراکنش نمونه 337
2025-07-11 11:00:46.472566,46959.48,هزینه,فروش,تراکنش نمونه 338
2025-02-06 11:00:46.472571,39959.28,درآمد,پشتیبانی,تراکنش نمونه 339
2024-12-20 11:00:46.472577,49896.91,درآمد,مارکتینگ,تراکنش نمونه 340
2025-02-20 11:00:46.472582,17600.52,هزینه,فناوری,تراکنش نمونه 341
2024-04-07 11:00:46.472587,38382.7,هزینه,فناوری,تراکنش نمونه 342
2025-06-12 11:00:46.472593,20156.35,هزینه,پشتیبانی,تراکنش نمونه 343
2024-07-20 11:00:46.472607,24045.79,هزینه,مالی,تراکنش نمونه 344
2024-02-26 11:00:46.472616,31412.52,هزینه,فناوری,تراکنش نمونه 345
2025-04-20 11:00:46.472623,43696.49,درآمد,پشتیبانی,تراکنش نمونه 346
2025-06-21 11:00:46.472629,49205.77,هزینه,مارکتینگ,تراکنش نمونه 347
2024-10-21 11:00:46.472635,38436.84,درآمد,پشتیبانی,تراکنش نمونه 348
2024-08-13 11:00:46.472640,20946.56,درآمد,فناوری,تراکنش نمونه 349
2024-03-18 11:00:46.472646,21125.71,درآمد,مارکتینگ,تراکنش نمونه 350
2024-09-29 11:00:46.472651,36905.36,هزینه,پشتیبانی,تراکنش نمونه 351
2025-01-28 11:00:46.472657,12014.98,هزینه,فروش,تراکنش نمونه 352
2023-11-29 11:00:46.472663,5612.66,درآمد,مارکتینگ,تراکنش نمونه 353
2025-04-20 11:00:46.472668,17795.65,هزینه,فروش,تراکنش نمونه 354
2023-08-28 11:00:46.472674,14433.23,هزینه,مالی,تراکنش نمونه 355
2025-04-03 11:00:46.472679,14885.78,هزینه,مارکتینگ,تراکنش نمونه 356
2025-01-18 11:00:46.472685,11757.03,هزینه,فروش,تراکنش نمونه 357
2024-11-17 11:00:46.472690,2200.45,درآمد,فناوری,تراکنش نمونه 358
2025-02-17 11:00:46.472695,991.91,درآمد,فناوری,تراکنش نمونه 359
2024-11-14 11:00:46.472701,49387.35,هزینه,مالی,تراکنش نمونه 360
2024-09-08 11:00:46.472706,21445.88,درآمد,مارکتینگ,تراکنش نمونه 361
2025-03-22 11:00:46.472712,19277.9,هزینه,مارکتینگ,تراکنش نمونه 362
2025-07-10 11:00:46.472717,34014.4,هزینه,مارکتینگ,تراکنش نمونه 363
2024-01-09 11:00:46.472723,10990.87,درآمد,مالی,تراکنش نمونه 364
2024-01-05 11:00:46.472729,47503.06,درآمد,مارکتینگ,تراکنش نمونه 365
2024-09-08 11:00:46.472734,39338.62,درآمد,فناوری,تراکنش نمونه 366
2023-09-11 11:00:46.472740,4561.61,هزینه,فروش,تراکنش نمونه 367
2023-11-10 11:00:46.472745,20937.28,درآمد,فناوری,تراکنش نمونه 368
2024-10-13 11:00:46.472751,43968.0,هزینه,فناوری,تراکنش نمونه 369
2023-10-04 11:00:46.472756,47242.13,درآمد,فروش,تراکنش نمونه 370
2023-10-28 11:00:46.472762,23423.34,درآمد,فناوری,تراکنش نمونه 371
2025-02-23 11:00:46.472767,30709.23,هزینه,مالی,تراکنش نمونه 372
2024-03-25 11:00:46.472773,8434.99,هزینه,فروش,تراکنش نمونه 373
2024-07-07 11:00:46.472778,49559.31,هزینه,فناوری,تراکنش نمونه 374
2025-04-15 11:00:46.472784,11660.42,هزینه,پشتیبانی,تراکنش نمونه 375
2024-06-30 11:00:46.472789,47142.32,هزینه,فناوری,تراکنش نمونه 376
2024-11-24 11:00:46.472795,32517.37,هزینه,مالی,تراکنش نمونه 377
2025-02-02 11:00:46.472800,30426.07,هزینه,مارکتینگ,تراکنش نمونه 378
2025-06-19 11:00:46.472806,25683.16,هزینه,فناوری,تراکنش نمونه 379
2024-04-07 11:00:46.472811,11610.42,درآمد,مارکتینگ,تراکنش نمونه 380
2023-09-15 11:00:46.472816,8908.75,هزینه,پشتیبانی,تراکنش نمونه 381
2024-02-06 11:00:46.472822,11102.26,هزینه,فناوری,تراکنش نمونه 382
2024-06-15 11:00:46.472827,9403.27,درآمد,فروش,تراکنش نمونه 383
2024-02-19 11:00:46.472833,39001.27,هزینه,مارکتینگ,تراکنش نمونه 384
2024-03-09 11:00:46.472839,17571.25,درآمد,پشتیبانی,تراکنش نمونه 385
2025-06-22 11:00:46.472844,2986.35,درآمد,فروش,تراکنش نمونه 386
2023-09-12 11:00:46.472849,48458.22,هزینه,فروش,تراکنش نمونه 387
2025-07-08 11:00:46.472855,44200.92,درآمد,فروش,تراکنش نمونه 388
2024-09-10 11:00:46.472860,46394.84,هزینه,فروش,تراکنش نمونه 389
2024-03-03 11:00:46.472866,49745.9,درآمد,فناوری,تراکنش نمونه 390
2024-06-23 11:00:46.472871,8777.37,درآمد,فناوری,تراکنش نمونه 391
2023-10-13 11:00:46.472877,19872.48,درآمد,فناوری,تراکنش نمونه 392
2024-04-13 11:00:46.472882,37936.1,هزینه,پشتیبانی,تراکنش نمونه 393
2025-03-07 11:00:46.472892,34831.43,هزینه,پشتیبانی,تراکنش نمونه 394
2025-04-27 11:00:46.472898,7779.41,درآمد,پشتیبانی,تراکنش نمونه 395
2024-08-08 11:00:46.472903,40810.07,درآمد,مالی,تراکنش نمونه 396
2023-08-01 11:00:46.472908,11299.58,هزینه,پشتیبانی,تراکنش نمونه 397
2025-06-07 11:00:46.472914,11268.5,هزینه,فناوری,تراکنش نمونه 398
2023-10-02 11:00:46.472919,26895.02,درآمد,فناوری,تراکنش نمونه 399
2023-08-30 11:00:46.472925,29687.7,درآمد,مالی,تراکنش نمونه 400
2023-12-31 11:00:46.472931,29046.3,هزینه,مالی,تراکنش نمونه 401
2025-01-19 11:00:46.472936,4665.19,هزینه,پشتیبانی,تراکنش نمونه 402
2025-03-25 11:00:46.472941,43885.3,هزینه,مارکتینگ,تراکنش نمونه 403
2025-02-28 11:00:46.472947,13353.44,هزینه,مالی,تراکنش نمونه 404
2024-09-17 11:00:46.472952,6562.79,هزینه,فروش,تراکنش نمونه 405
2024-01-05 11:00:46.472958,44448.53,درآمد,فناوری,تراکنش نمونه 406
2024-08-20 11:00:46.472963,47787.01,هزینه,فروش,تراکنش نمونه 407
2024-09-26 11:00:46.472969,43120.17,درآمد,فناوری,تراکنش نمونه 408
2023-09-05 11:00:46.472974,40494.85,هزینه,فناوری,تراکنش نمونه 409
2023-09-15 11:00:46.472980,32796.57,درآمد,مالی,تراکنش نمونه 410
2025-06-04 11:00:46.472985,27587.78,هزینه,مالی,تراکنش نمونه 411
2024-05-10 11:00:46.472990,4440.64,هزینه,فروش,تراکنش نمونه 412
2023-11-23 11:00:46.472996,20481.82,درآمد,فناوری,تراکنش نمونه 413
2024-11-06 11:00:46.473001,18697.16,درآمد,فروش,تراکنش نمونه 414
2025-06-05 11:00:46.473007,13061.71,هزینه,مارکتینگ,تراکنش نمونه 415
2024-01-03 11:00:46.473012,36198.66,هزینه,فروش,تراکنش نمونه 416
2023-11-16 11:00:46.473018,24844.2,هزینه,پشتیبانی,تراکنش نمونه 417
2025-07-23 11:00:46.473023,4144.21,هزینه,فروش,تراکنش نمونه 418
2025-04-16 11:00:46.473029,11087.14,هزینه,پشتیبانی,تراکنش نمونه 419
2025-01-13 11:00:46.473034,34194.61,درآمد,پشتیبانی,تراکنش نمونه 420
2024-08-12 11:00:46.473039,3898.93,درآمد,پشتیبانی,تراکنش نمونه 421
2025-06-11 11:00:46.473045,42575.23,هزینه,مارکتینگ,تراکنش نمونه 422
2023-10-11 11:00:46.473050,24807.81,درآمد,فروش,تراکنش نمونه 423
2024-11-01 11:00:46.473056,24081.27,درآمد,فروش,تراکنش نمونه 424
2024-07-23 11:00:46.473061,29661.15,درآمد,مارکتینگ,تراکنش نمونه 425
2023-10-31 11:00:46.473067,41251.58,هزینه,فناوری,تراکنش نمونه 426
2025-04-13 11:00:46.473072,17455.68,درآمد,مالی,تراکنش نمونه 427
2023-09-27 11:00:46.473077,33933.01,هزینه,فروش,تراکنش نمونه 428
2023-10-08 11:00:46.473083,28330.03,درآمد,مالی,تراکنش نمونه 429
2023-10-10 11:00:46.473088,13424.71,هزینه,مارکتینگ,تراکنش نمونه 430
2025-03-30 11:00:46.473094,43943.64,درآمد,فناوری,تراکنش نمونه 431
2023-12-02 11:00:46.473099,39891.56,هزینه,فناوری,تراکنش نمونه 432
2025-05-31 11:00:46.473105,32956.75,هزینه,فناوری,تراکنش نمونه 433
2024-08-16 11:00:46.473110,42544.03,درآمد,مارکتینگ,تراکنش نمونه 434
2024-04-10 11:00:46.473116,43377.98,هزینه,پشتیبانی,تراکنش نمونه 435
2025-04-02 11:00:46.473122,35447.31,هزینه,پشتیبانی,تراکنش نمونه 436
2025-03-23 11:00:46.473127,41866.97,هزینه,مالی,تراکنش نمونه 437
2024-06-30 11:00:46.473133,34903.83,هزینه,پشتیبانی,تراکنش نمونه 438
2023-10-26 11:00:46.473138,34039.02,هزینه,پشتیبانی,تراکنش نمونه 439
2025-05-31 11:00:46.473144,30968.71,هزینه,فناوری,تراکنش نمونه 440
2023-11-02 11:00:46.473149,37660.56,هزینه,فناوری,تراکنش نمونه 441
2024-03-02 11:00:46.473154,8014.39,هزینه,مالی,تراکنش نمونه 442
2025-04-23 11:00:46.473160,44055.45,درآمد,فروش,تراکنش نمونه 443
2023-10-29 11:00:46.473165,43604.99,درآمد,مالی,تراکنش نمونه 444
2025-04-01 11:00:46.473171,1559.44,هزینه,مالی,تراکنش نمونه 445
2024-01-15 11:00:46.473176,41308.26,هزینه,مارکتینگ,تراکنش نمونه 446
2023-12-05 11:00:46.473182,6530.61,درآمد,مارکتینگ,تراکنش نمونه 447
2024-03-27 11:00:46.473187,16822.43,درآمد,مالی,تراکنش نمونه 448
2024-12-03 11:00:46.473193,37201.06,درآمد,مالی,تراکنش نمونه 449
2024-10-29 11:00:46.473198,8121.92,هزینه,مالی,تراکنش نمونه 450
2025-01-20 11:00:46.473204,40916.55,درآمد,پشتیبانی,تراکنش نمونه 451
2023-08-24 11:00:46.473209,41623.5,هزینه,مارکتینگ,تراکنش نمونه 452
2024-05-07 11:00:46.473214,25422.64,هزینه,مالی,تراکنش نمونه 453
2023-12-25 11:00:46.473220,418.65,درآمد,فناوری,تراکنش نمونه 454
2024-11-23 11:00:46.473226,14423.2,هزینه,فناوری,تراکنش نمونه 455
2025-05-13 11:00:46.473231,30884.65,هزینه,پشتیبانی,تراکنش نمونه 456
2025-02-24 11:00:46.473237,49061.19,هزینه,پشتیبانی,تراکنش نمونه 457
2023-10-11 11:00:46.473242,31627.49,هزینه,فروش,تراکنش نمونه 458
2024-05-19 11:00:46.473247,13064.2,درآمد,فروش,تراکنش نمونه 459
2025-05-03 11:00:46.473253,31736.88,درآمد,فروش,تراکنش نمونه 460
2023-08-31 11:00:46.473258,27045.27,هزینه,پشتیبانی,تراکنش نمونه 461
2024-10-16 11:00:46.473264,39014.29,هزینه,پشتیبانی,تراکنش نمونه 462
2024-12-20 11:00:46.473269,5438.33,درآمد,پشتیبانی,تراکنش نمونه 463
2025-05-20 11:00:46.473275,38075.29,هزینه,فناوری,تراکنش نمونه 464
2025-06-11 11:00:46.473280,27109.2,درآمد,پشتیبانی,تراکنش نمونه 465
2025-04-25 11:00:46.473286,48153.3,هزینه,فناوری,تراکنش نمونه 466
2024-05-01 11:00:46.473291,17159.42,هزینه,فروش,تراکنش نمونه 467
2025-01-05 11:00:46.473296,31667.83,درآمد,فروش,تراکنش نمونه 468
2024-12-22 11:00:46.473302,46608.2,درآمد,فروش,تراکنش نمونه 469
2024-04-10 11:00:46.473307,5215.24,درآمد,مالی,تراکنش نمونه 470
2024-05-22 11:00:46.473313,46867.7,درآمد,مالی,تراکنش نمونه 471
2024-08-21 11:00:46.473318,34425.5,هزینه,مارکتینگ,تراکنش نمونه 472
2024-01-24 11:00:46.473324,3485.07,درآمد,مارکتینگ,تراکنش نمونه 473
2023-11-24 11:00:46.473329,15118.08,هزینه,مارکتینگ,تراکنش نمونه 474
2024-10-12 11:00:46.473335,35437.79,درآمد,مالی,تراکنش نمونه 475
2024-11-16 11:00:46.473340,3460.8,درآمد,مالی,تراکنش نمونه 476
2024-08-05 11:00:46.473346,29150.31,هزینه,مارکتینگ,تراکنش نمونه 477
2025-07-05 11:00:46.473351,17359.56,درآمد,مارکتینگ,تراکنش نمونه 478
2024-02-22 11:00:46.473360,31083.68,درآمد,پشتیبانی,تراکنش نمونه 479
2025-04-19 11:00:46.473368,2382.53,درآمد,مارکتینگ,تراکنش نمونه 480
2025-01-29 11:00:46.473374,43589.69,درآمد,پشتیبانی,تراکنش نمونه 481
2024-12-17 11:00:46.473381,48677.1,هزینه,فناوری,تراکنش نمونه 482
2023-10-08 11:00:46.473387,48447.0,هزینه,مالی,تراکنش نمونه 483
2024-05-12 11:00:46.473394,37507.63,درآمد,مارکتینگ,تراکنش نمونه 484
2023-11-28 11:00:46.473401,6591.3,درآمد,مالی,تراکنش نمونه 485
2024-09-06 11:00:46.473407,37937.33,درآمد,مالی,تراکنش نمونه 486
2024-02-28 11:00:46.473414,1326.89,هزینه,مالی,تراکنش نمونه 487
2025-07-12 11:00:46.473421,1203.97,هزینه,فناوری,تراکنش نمونه 488
2024-08-26 11:00:46.473429,16248.15,هزینه,فروش,تراکنش نمونه 489
2024-11-12 11:00:46.473436,24483.3,هزینه,مارکتینگ,تراکنش نمونه 490
2024-03-18 11:00:46.473442,38543.33,درآمد,فروش,تراکنش نمونه 491
2025-02-18 11:00:46.473447,34196.44,درآمد,فروش,تراکنش نمونه 492
2024-04-09 11:00:46.473452,22350.55,درآمد,فروش,تراکنش نمونه 493
2023-10-03 11:00:46.473458,13753.97,هزینه,مالی,تراکنش نمونه 494
2023-09-07 11:00:46.473463,49856.51,درآمد,پشتیبانی,تراکنش نمونه 495
2023-09-22 11:00:46.473468,21366.45,هزینه,مالی,تراکنش نمونه 496
2024-07-13 11:00:46.473474,22624.21,هزینه,مالی,تراکنش نمونه 497
2024-01-30 11:00:46.473479,8264.83,درآمد,فروش,تراکنش نمونه 498
2023-09-06 11:00:46.473485,39761.0,درآمد,مالی,تراکنش نمونه 499
2024-05-27 11:00:46.473490,34714.74,درآمد,فروش,تراکنش نمونه 500
2023-11-23 11:00:46.473495,11116.4,هزینه,پشتیبانی,تراکنش نمونه 501
2024-11-02 11:00:46.473501,4210.81,هزینه,مارکتینگ,تراکنش نمونه 502
2023-12-29 11:00:46.473507,34056.92,درآمد,فروش,تراکنش نمونه 503
2024-06-06 11:00:46.473512,32760.11,درآمد,پشتیبانی,تراکنش نمونه 504
2025-02-10 11:00:46.473517,13735.65,هزینه,مارکتینگ,تراکنش نمونه 505
2025-06-15 11:00:46.473523,47548.09,درآمد,فناوری,تراکنش نمونه 506
2024-01-19 11:00:46.473528,7637.79,هزینه,فروش,تراکنش نمونه 507
2024-10-16 11:00:46.473533,21673.51,هزینه,فروش,تراکنش نمونه 508
2024-06-26 11:00:46.473539,47186.43,درآمد,فناوری,تراکنش نمونه 509
2025-07-16 11:00:46.473544,21044.39,درآمد,فناوری,تراکنش نمونه 510
2023-11-29 11:00:46.473549,31962.44,درآمد,فروش,تراکنش نمونه 511
2024-09-29 11:00:46.473555,19939.96,درآمد,فناوری,تراکنش نمونه 512
2024-11-17 11:00:46.473560,13783.34,هزینه,مالی,تراکنش نمونه 513
2024-03-16 11:00:46.473565,49200.48,هزینه,مارکتینگ,تراکنش نمونه 514
2025-06-23 11:00:46.473571,20525.77,هزینه,مارکتینگ,تراکنش نمونه 515
2023-08-01 11:00:46.473576,44715.55,درآمد,مارکتینگ,تراکنش نمونه 516
2025-04-29 11:00:46.473581,11574.73,هزینه,مالی,تراکنش نمونه 517
2023-12-01 11:00:46.473587,10733.92,درآمد,فناوری,تراکنش نمونه 518
2023-12-04 11:00:46.473592,1653.59,درآمد,پشتیبانی,تراکنش نمونه 519
2024-06-05 11:00:46.473607,32618.17,درآمد,فناوری,تراکنش نمونه 520
2025-04-04 11:00:46.473614,18489.46,درآمد,فروش,تراکنش نمونه 521
2023-11-19 11:00:46.473619,43231.48,درآمد,مارکتینگ,تراکنش نمونه 522
2025-01-13 11:00:46.473625,23713.17,درآمد,فناوری,تراکنش نمونه 523
2024-03-14 11:00:46.473630,48412.85,هزینه,پشتیبانی,تراکنش نمونه 524
2023-11-10 11:00:46.473635,9357.72,درآمد,فروش,تراکنش نمونه 525
2024-03-22 11:00:46.473641,43444.3,هزینه,مالی,تراکنش نمونه 526
2025-05-14 11:00:46.473646,38852.18,هزینه,مالی,تراکنش نمونه 527
2024-06-10 11:00:46.473651,38569.0,درآمد,پشتیبانی,تراکنش نمونه 528
2024-07-17 11:00:46.473657,42254.68,درآمد,فروش,تراکنش نمونه 529
2024-06-03 11:00:46.473662,38075.1,درآمد,مارکتینگ,تراکنش نمونه 530
2023-07-30 11:00:46.473667,31348.39,هزینه,فناوری,تراکنش نمونه 531
2024-10-24 11:00:46.473673,6649.12,درآمد,فروش,تراکنش نمونه 532
2023-09-21 11:00:46.473678,1723.06,هزینه,مالی,تراکنش نمونه 533
2024-06-29 11:00:46.473683,46050.31,درآمد,پشتیبانی,تراکنش نمونه 534
2024-04-27 11:00:46.473689,30870.85,درآمد,پشتیبانی,تراکنش نمونه 535
2025-01-17 11:00:46.473694,39847.21,هزینه,فناوری,تراکنش نمونه 536
2023-09-08 11:00:46.473700,24127.97,هزینه,پشتیبانی,تراکنش نمونه 537
2025-04-20 11:00:46.473705,5953.68,درآمد,پشتیبانی,تراکنش نمونه 538
2024-01-27 11:00:46.473710,6346.77,هزینه,فروش,تراکنش نمونه 539
2025-04-23 11:00:46.473715,34309.71,هزینه,مارکتینگ,تراکنش نمونه 540
2023-10-03 11:00:46.473721,21572.26,هزینه,فناوری,تراکنش نمونه 541
2023-10-04 11:00:46.473726,10106.18,هزینه,فروش,تراکنش نمونه 542
2025-01-19 11:00:46.473731,24630.57,هزینه,مارکتینگ,تراکنش نمونه 543
2025-06-21 11:00:46.473737,3304.03,درآمد,فروش,تراکنش نمونه 544
2024-07-24 11:00:46.473742,29140.37,درآمد,فروش,تراکنش نمونه 545
2023-09-02 11:00:46.473747,13522.77,هزینه,پشتیبانی,تراکنش نمونه 546
2024-02-19 11:00:46.473753,39898.2,درآمد,مارکتینگ,تراکنش نمونه 547
2024-10-22 11:00:46.473758,15587.06,درآمد,فناوری,تراکنش نمونه 548
2024-12-23 11:00:46.473763,22815.49,هزینه,فناوری,تراکنش نمونه 549
2024-10-28 11:00:46.473769,679.86,درآمد,مارکتینگ,تراکنش نمونه 550
2025-05-27 11:00:46.473774,3715.1,هزینه,پشتیبانی,تراکنش نمونه 551
2023-12-10 11:00:46.473779,19685.43,هزینه,مالی,تراکنش نمونه 552
2023-07-30 11:00:46.473785,24048.95,درآمد,فروش,تراکنش نمونه 553
2024-08-20 11:00:46.473790,30041.03,هزینه,پشتیبانی,تراکنش نمونه 554
2024-06-26 11:00:46.473796,14653.96,هزینه,مارکتینگ,تراکنش نمونه 555
2023-08-29 11:00:46.473801,34779.6,هزینه,فروش,تراکنش نمونه 556
2025-07-09 11:00:46.473807,43020.11,هزینه,فناوری,تراکنش نمونه 557
2025-02-01 11:00:46.473812,39014.56,هزینه,مالی,تراکنش نمونه 558
2023-11-24 11:00:46.473817,2076.98,درآمد,فناوری,تراکنش نمونه 559
2024-06-27 11:00:46.473823,24077.3,درآمد,مارکتینگ,تراکنش نمونه 560
2024-05-09 11:00:46.473828,5336.02,هزینه,فروش,تراکنش نمونه 561
2024-12-07 11:00:46.473833,12178.05,هزینه,مارکتینگ,تراکنش نمونه 562
2025-05-13 11:00:46.473839,49334.46,درآمد,فروش,تراکنش نمونه 563
2024-11-05 11:00:46.473844,7210.53,هزینه,پشتیبانی,تراکنش نمونه 564
2024-04-29 11:00:46.473854,24994.52,درآمد,مالی,تراکنش نمونه 565
2023-08-10 11:00:46.473860,30945.97,هزینه,پشتیبانی,تراکنش نمونه 566
2024-07-09 11:00:46.473866,35153.0,هزینه,پشتیبانی,تراکنش نمونه 567
2024-01-11 11:00:46.473871,28026.47,هزینه,مارکتینگ,تراکنش نمونه 568
2024-03-09 11:00:46.473877,587.57,هزینه,مالی,تراکنش نمونه 569
2024-07-26 11:00:46.473882,16390.42,هزینه,فروش,تراکنش نمونه 570
2025-03-06 11:00:46.473887,25933.81,هزینه,فروش,تراکنش نمونه 571
2025-05-20 11:00:46.473892,4484.54,هزینه,فناوری,تراکنش نمونه 572
2025-04-20 11:00:46.473898,17596.28,درآمد,فروش,تراکنش نمونه 573
2024-06-27 11:00:46.473903,1756.84,درآمد,مارکتینگ,تراکنش نمونه 574
2025-07-03 11:00:46.473908,4021.07,درآمد,پشتیبانی,تراکنش نمونه 575
2024-04-15 11:00:46.473914,19906.47,هزینه,پشتیبانی,تراکنش نمونه 576
2024-03-31 11:00:46.473919,6722.52,هزینه,پشتیبانی,تراکنش نمونه 577
2024-01-10 11:00:46.473924,28420.29,هزینه,مالی,تراکنش نمونه 578
2025-02-27 11:00:46.473930,34504.3,هزینه,فروش,تراکنش نمونه 579
2025-03-06 11:00:46.473935,40049.28,هزینه,مارکتینگ,تراکنش نمونه 580
2024-01-06 11:00:46.473940,10087.5,هزینه,مالی,تراکنش نمونه 581
2025-06-19 11:00:46.473945,8457.38,هزینه,فناوری,تراکنش نمونه 582
2025-04-10 11:00:46.473951,5317.94,درآمد,مارکتینگ,تراکنش نمونه 583
2023-09-04 11:00:46.473956,31857.87,هزینه,مارکتینگ,تراکنش نمونه 584
2025-06-16 11:00:46.473962,35353.14,درآمد,مارکتینگ,تراکنش نمونه 585
2025-01-23 11:00:46.473967,1676.15,درآمد,پشتیبانی,تراکنش نمونه 586
2024-06-25 11:00:46.473972,46816.99,هزینه,مارکتینگ,تراکنش نمونه 587
2024-12-17 11:00:46.473977,2693.37,هزینه,فروش,تراکنش نمونه 588
2023-11-02 11:00:46.473983,27110.69,درآمد,مارکتینگ,تراکنش نمونه 589
2025-03-17 11:00:46.473988,35482.12,درآمد,پشتیبانی,تراکنش نمونه 590
2025-02-15 11:00:46.473993,43561.36,هزینه,مارکتینگ,تراکنش نمونه 591
2024-12-25 11:00:46.473999,35732.94,هزینه,فناوری,تراکنش نمونه 592
2024-12-05 11:00:46.474004,40106.23,درآمد,فناوری,تراکنش نمونه 593
2023-10-09 11:00:46.474009,17038.56,هزینه,پشتیبانی,تراکنش نمونه 594
2023-12-18 11:00:46.474015,40759.77,هزینه,فروش,تراکنش نمونه 595
2025-07-19 11:00:46.474020,4097.73,هزینه,فروش,تراکنش نمونه 596
2025-05-15 11:00:46.474026,44751.35,درآمد,مالی,تراکنش نمونه 597
2024-03-23 11:00:46.474031,27424.86,درآمد,پشتیبانی,تراکنش نمونه 598
2024-11-17 11:00:46.474036,40883.16,درآمد,مارکتینگ,تراکنش نمونه 599
2024-12-10 11:00:46.474041,22670.68,هزینه,پشتیبانی,تراکنش نمونه 600
2024-02-25 11:00:46.474047,32214.53,هزینه,مالی,تراکنش نمونه 601
2025-02-04 11:00:46.474052,26367.49,درآمد,پشتیبانی,تراکنش نمونه 602
2023-10-14 11:00:46.474057,36606.32,درآمد,پشتیبانی,تراکنش نمونه 603
2025-02-10 11:00:46.474063,4173.34,درآمد,مالی,تراکنش نمونه 604
2025-02-08 11:00:46.474068,3111.57,هزینه,فروش,تراکنش نمونه 605
2024-06-30 11:00:46.474073,12430.45,درآمد,مارکتینگ,تراکنش نمونه 606
2023-11-02 11:00:46.474079,8061.28,درآمد,مالی,تراکنش نمونه 607
2025-01-15 11:00:46.474084,43602.0,هزینه,فناوری,تراکنش نمونه 608
2024-02-27 11:00:46.474089,11038.78,هزینه,فروش,تراکنش نمونه 609
2025-06-29 11:00:46.474095,48795.68,هزینه,فناوری,تراکنش نمونه 610
2025-02-13 11:00:46.474100,16911.1,درآمد,فروش,تراکنش نمونه 611
2024-06-01 11:00:46.474105,9187.68,هزینه,مارکتینگ,تراکنش نمونه 612
2024-08-23 11:00:46.474111,39505.96,هزینه,مارکتینگ,تراکنش نمونه 613
2023-10-19 11:00:46.474116,32969.52,درآمد,پشتیبانی,تراکنش نمونه 614
2024-03-19 11:00:46.474121,24959.97,هزینه,فناوری,تراکنش نمونه 615
2024-07-28 11:00:46.474127,27812.64,درآمد,فروش,تراکنش نمونه 616
2024-08-20 11:00:46.474132,35988.17,درآمد,مارکتینگ,تراکنش نمونه 617
2024-03-15 11:00:46.474137,11499.89,هزینه,مالی,تراکنش نمونه 618
2023-10-10 11:00:46.474142,49817.06,هزینه,مارکتینگ,تراکنش نمونه 619
2024-03-04 11:00:46.474148,48742.18,هزینه,مالی,تراکنش نمونه 620
2024-09-04 11:00:46.474153,32551.25,هزینه,فروش,تراکنش نمونه 621
2024-12-23 11:00:46.474158,10057.17,هزینه,مارکتینگ,تراکنش نمونه 622
2024-09-30 11:00:46.474164,34043.39,هزینه,مارکتینگ,تراکنش نمونه 623
2025-03-18 11:00:46.474169,3702.7,درآمد,فروش,تراکنش نمونه 624
2025-05-19 11:00:46.474174,1629.56,درآمد,مارکتینگ,تراکنش نمونه 625
2024-11-18 11:00:46.474179,12958.38,هزینه,مالی,تراکنش نمونه 626
2024-06-08 11:00:46.474185,23184.89,درآمد,مارکتینگ,تراکنش نمونه 627
2024-05-09 11:00:46.474190,43426.8,هزینه,فناوری,تراکنش نمونه 628
2025-01-27 11:00:46.474195,36385.74,درآمد,پشتیبانی,تراکنش نمونه 629
2025-02-11 11:00:46.474200,37161.06,درآمد,مالی,تراکنش نمونه 630
2025-04-28 11:00:46.474205,21332.12,درآمد,فناوری,تراکنش نمونه 631
2023-08-14 11:00:46.474211,17362.16,هزینه,فروش,تراکنش نمونه 632
2024-02-13 11:00:46.474216,18614.83,درآمد,مالی,تراکنش نمونه 633
2025-06-19 11:00:46.474221,49383.71,هزینه,پشتیبانی,تراکنش نمونه 634
2025-03-24 11:00:46.474226,2101.45,درآمد,پشتیبانی,تراکنش نمونه 635
2024-05-03 11:00:46.474232,43364.87,درآمد,فروش,تراکنش نمونه 636
2025-02-05 11:00:46.474237,28975.9,درآمد,فروش,تراکنش نمونه 637
2023-10-14 11:00:46.474242,21986.91,درآمد,مالی,تراکنش نمونه 638
2024-12-20 11:00:46.474248,36290.36,درآمد,مارکتینگ,تراکنش نمونه 639
2023-10-29 11:00:46.474253,24384.78,هزینه,فروش,تراکنش نمونه 640
2025-05-31 11:00:46.474258,43683.82,هزینه,مارکتینگ,تراکنش نمونه 641
2023-10-07 11:00:46.474264,45045.02,درآمد,فناوری,تراکنش نمونه 642
2024-04-08 11:00:46.474271,21143.87,درآمد,پشتیبانی,تراکنش نمونه 643
2024-04-28 11:00:46.474277,13913.71,درآمد,مارکتینگ,تراکنش نمونه 644
2024-08-01 11:00:46.474284,29658.28,درآمد,پشتیبانی,تراکنش نمونه 645
2025-07-27 11:00:46.474292,45626.93,هزینه,مارکتینگ,تراکنش نمونه 646
2024-07-06 11:00:46.474299,10612.04,درآمد,فناوری,تراکنش نمونه 647
2024-08-14 11:00:46.474306,31186.03,هزینه,فروش,تراکنش نمونه 648
2025-01-19 11:00:46.474316,31614.85,درآمد,فناوری,تراکنش نمونه 649
2024-03-10 11:00:46.474323,36682.34,هزینه,فروش,تراکنش نمونه 650
2025-01-18 11:00:46.474329,6665.23,درآمد,فروش,تراکنش نمونه 651
2024-03-07 11:00:46.474336,35819.67,درآمد,پشتیبانی,تراکنش نمونه 652
2024-07-24 11:00:46.474343,45460.72,هزینه,فناوری,تراکنش نمونه 653
2024-06-14 11:00:46.474350,9066.19,درآمد,مارکتینگ,تراکنش نمونه 654
2025-04-02 11:00:46.474357,11953.41,درآمد,فناوری,تراکنش نمونه 655
2025-03-16 11:00:46.474364,48572.62,درآمد,پشتیبانی,تراکنش نمونه 656
2025-05-31 11:00:46.474370,9130.75,هزینه,فروش,تراکنش نمونه 657
2024-01-19 11:00:46.474377,42733.82,درآمد,پشتیبانی,تراکنش نمونه 658
2023-09-12 11:00:46.474385,24664.67,درآمد,مالی,تراکنش نمونه 659
2023-09-25 11:00:46.474392,12436.83,هزینه,مالی,تراکنش نمونه 660
2025-02-05 11:00:46.474398,43550.42,هزینه,مارکتینگ,تراکنش نمونه 661
2025-03-01 11:00:46.474405,22320.73,هزینه,پشتیبانی,تراکنش نمونه 662
2025-05-09 11:00:46.474412,25789.39,درآمد,مارکتینگ,تراکنش نمونه 663
2024-12-27 11:00:46.474419,18025.75,درآمد,مارکتینگ,تراکنش نمونه 664
2025-01-06 11:00:46.474425,29688.25,درآمد,مالی,تراکنش نمونه 665
2024-12-11 11:00:46.474431,8259.84,هزینه,مارکتینگ,تراکنش نمونه 666
2023-09-21 11:00:46.474436,19614.97,درآمد,مالی,تراکنش نمونه 667
2024-12-13 11:00:46.474442,48473.67,درآمد,فروش,تراکنش نمونه 668
2023-10-08 11:00:46.474448,12980.86,هزینه,پشتیبانی,تراکنش نمونه 669
2024-02-12 11:00:46.474454,32871.16,هزینه,مارکتینگ,تراکنش نمونه 670
2024-05-13 11:00:46.474460,16326.98,هزینه,مالی,تراکنش نمونه 671
2024-06-21 11:00:46.474465,38696.31,هزینه,فناوری,تراکنش نمونه 672
2025-06-11 11:00:46.474472,6630.6,هزینه,مارکتینگ,تراکنش نمونه 673
2024-12-07 11:00:46.474477,48494.07,درآمد,فروش,تراکنش نمونه 674
2024-09-26 11:00:46.474483,22744.1,هزینه,فروش,تراکنش نمونه 675
2024-02-18 11:00:46.474489,11878.92,درآمد,فناوری,تراکنش نمونه 676
2025-03-07 11:00:46.474494,3767.49,درآمد,مالی,تراکنش نمونه 677
2024-06-08 11:00:46.474499,8570.92,هزینه,مارکتینگ,تراکنش نمونه 678
2024-03-02 11:00:46.474505,26036.72,هزینه,مالی,تراکنش نمونه 679
2024-07-20 11:00:46.474510,16916.46,هزینه,فروش,تراکنش نمونه 680
2024-01-09 11:00:46.474515,41461.28,درآمد,مالی,تراکنش نمونه 681
2024-11-11 11:00:46.474521,21601.29,هزینه,فروش,تراکنش نمونه 682
2023-10-11 11:00:46.474526,12510.84,هزینه,مالی,تراکنش نمونه 683
2024-04-13 11:00:46.474532,30895.53,هزینه,فناوری,تراکنش نمونه 684
2025-07-16 11:00:46.474537,35368.18,هزینه,پشتیبانی,تراکنش نمونه 685
2024-09-01 11:00:46.474542,8435.39,هزینه,فناوری,تراکنش نمونه 686
2024-08-04 11:00:46.474547,8464.2,درآمد,فناوری,تراکنش نمونه 687
2024-06-15 11:00:46.474553,1929.9,درآمد,پشتیبانی,تراکنش نمونه 688
2023-09-29 11:00:46.474558,36846.46,درآمد,پشتیبانی,تراکنش نمونه 689
2024-07-20 11:00:46.474563,33223.85,هزینه,مارکتینگ,تراکنش نمونه 690
2025-07-20 11:00:46.474569,23784.08,هزینه,مارکتینگ,تراکنش نمونه 691
2025-03-28 11:00:46.474574,42224.11,هزینه,فناوری,تراکنش نمونه 692
2024-08-14 11:00:46.474579,40302.94,درآمد,فناوری,تراکنش نمونه 693
2023-09-21 11:00:46.474585,29309.18,هزینه,فروش,تراکنش نمونه 694
2025-04-29 11:00:46.474590,43426.74,هزینه,فروش,تراکنش نمونه 695
2023-10-19 11:00:46.474595,10371.48,هزینه,مارکتینگ,تراکنش نمونه 696
2023-08-30 11:00:46.474612,5684.79,درآمد,مارکتینگ,تراکنش نمونه 697
2024-09-15 11:00:46.474617,13560.51,هزینه,فروش,تراکنش نمونه 698
2025-01-31 11:00:46.474622,2948.63,درآمد,فروش,تراکنش نمونه 699
2024-02-04 11:00:46.474626,26605.36,هزینه,مالی,تراکنش نمونه 700
2025-06-17 11:00:46.474631,46836.62,درآمد,مالی,تراکنش نمونه 701
2023-08-24 11:00:46.474636,2063.24,درآمد,فروش,تراکنش نمونه 702
2024-03-13 11:00:46.474641,6193.28,درآمد,مالی,تراکنش نمونه 703
2025-03-05 11:00:46.474646,22664.73,هزینه,پشتیبانی,تراکنش نمونه 704
2025-01-08 11:00:46.474651,46700.36,هزینه,مارکتینگ,تراکنش نمونه 705
2023-08-04 11:00:46.474656,15876.19,درآمد,مارکتینگ,تراکنش نمونه 706
2024-04-23 11:00:46.474660,25411.02,درآمد,فروش,تراکنش نمونه 707
2024-01-17 11:00:46.474665,2174.49,هزینه,فناوری,تراکنش نمونه 708
2024-01-28 11:00:46.474670,7502.33,هزینه,فروش,تراکنش نمونه 709
2024-11-17 11:00:46.474675,49332.84,درآمد,مالی,تراکنش نمونه 710
2024-07-03 11:00:46.474680,48259.42,هزینه,فناوری,تراکنش نمونه 711
2023-12-12 11:00:46.474685,346.51,هزینه,مالی,تراکنش نمونه 712
2024-11-14 11:00:46.474690,47595.41,هزینه,پشتیبانی,تراکنش نمونه 713
2023-08-19 11:00:46.474695,31992.08,هزینه,مالی,تراکنش نمونه 714
2024-05-04 11:00:46.474700,43409.12,درآمد,پشتیبانی,تراکنش نمونه 715
2025-07-18 11:00:46.474705,22791.52,هزینه,پشتیبانی,تراکنش نمونه 716
2024-11-28 11:00:46.474710,25828.24,هزینه,مالی,تراکنش نمونه 717
2024-11-19 11:00:46.474714,24493.44,درآمد,مالی,تراکنش نمونه 718
2025-07-23 11:00:46.474719,33376.53,درآمد,پشتیبانی,تراکنش نمونه 719
2025-03-31 11:00:46.474724,7068.6,هزینه,فناوری,تراکنش نمونه 720
2024-07-19 11:00:46.474729,1595.68,هزینه,پشتیبانی,تراکنش نمونه 721
2025-05-24 11:00:46.474734,15465.7,هزینه,مارکتینگ,تراکنش نمونه 722
2025-03-04 11:00:46.474739,35263.57,هزینه,پشتیبانی,تراکنش نمونه 723
2024-12-16 11:00:46.474744,10172.49,درآمد,فناوری,تراکنش نمونه 724
2024-12-01 11:00:46.474749,33704.28,درآمد,مارکتینگ,تراکنش نمونه 725
2025-02-01 11:00:46.474753,48498.61,درآمد,فروش,تراکنش نمونه 726
2024-10-19 11:00:46.474758,4785.65,هزینه,فروش,تراکنش نمونه 727
2025-05-26 11:00:46.474763,33662.85,هزینه,فناوری,تراکنش نمونه 728
2024-12-23 11:00:46.474768,22243.14,هزینه,پشتیبانی,تراکنش نمونه 729
2023-09-08 11:00:46.474773,43420.3,هزینه,مالی,تراکنش نمونه 730
2024-04-23 11:00:46.474780,8939.77,درآمد,فناوری,تراکنش نمونه 731
2023-11-26 11:00:46.474786,34662.04,درآمد,مارکتینگ,تراکنش نمونه 732
2025-04-14 11:00:46.474793,41921.95,هزینه,مارکتینگ,تراکنش نمونه 733
2025-04-20 11:00:46.474805,47236.25,درآمد,فروش,تراکنش نمونه 734
2024-03-04 11:00:46.474814,34194.08,هزینه,مارکتینگ,تراکنش نمونه 735
2024-07-08 11:00:46.474822,24909.02,هزینه,فناوری,تراکنش نمونه 736
2024-06-18 11:00:46.474828,30930.58,درآمد,مارکتینگ,تراکنش نمونه 737
2024-02-26 11:00:46.474833,43458.36,هزینه,فناوری,تراکنش نمونه 738
2024-04-08 11:00:46.474839,28573.43,هزینه,مالی,تراکنش نمونه 739
2023-08-19 11:00:46.474844,1616.31,درآمد,فروش,تراکنش نمونه 740
2023-10-22 11:00:46.474849,46554.34,هزینه,مارکتینگ,تراکنش نمونه 741
2024-05-17 11:00:46.474855,34507.38,هزینه,فناوری,تراکنش نمونه 742
2025-07-05 11:00:46.474860,33858.02,درآمد,پشتیبانی,تراکنش نمونه 743
2024-01-10 11:00:46.474865,10862.19,هزینه,فروش,تراکنش نمونه 744
2023-09-20 11:00:46.474871,32978.38,درآمد,مالی,تراکنش نمونه 745
2023-08-14 11:00:46.474876,19753.83,هزینه,فناوری,تراکنش نمونه 746
2024-04-26 11:00:46.474881,32596.53,درآمد,مالی,تراکنش نمونه 747
2025-05-06 11:00:46.474886,5418.99,درآمد,مالی,تراکنش نمونه 748
2025-03-05 11:00:46.474892,32926.48,درآمد,مارکتینگ,تراکنش نمونه 749
2025-05-04 11:00:46.474897,49970.74,هزینه,مارکتینگ,تراکنش نمونه 750
2025-05-11 11:00:46.474902,2505.78,درآمد,فناوری,تراکنش نمونه 751
2024-04-27 11:00:46.474907,48860.99,درآمد,پشتیبانی,تراکنش نمونه 752
2025-07-27 11:00:46.474913,20404.71,درآمد,فناوری,تراکنش نمونه 753
2025-06-07 11:00:46.474918,43550.6,درآمد,پشتیبانی,تراکنش نمونه 754
2023-09-12 11:00:46.474923,39141.04,درآمد,مالی,تراکنش نمونه 755
2023-08-11 11:00:46.474928,28394.11,هزینه,فروش,تراکنش نمونه 756
2024-05-08 11:00:46.474934,36948.62,هزینه,فناوری,تراکنش نمونه 757
2024-05-05 11:00:46.474939,43937.93,هزینه,فناوری,تراکنش نمونه 758
2024-03-27 11:00:46.474944,20266.6,هزینه,پشتیبانی,تراکنش نمونه 759
2025-06-24 11:00:46.474950,16418.95,هزینه,مالی,تراکنش نمونه 760
2024-08-14 11:00:46.474955,33412.91,هزینه,مالی,تراکنش نمونه 761
2025-04-24 11:00:46.474960,40411.51,هزینه,پشتیبانی,تراکنش نمونه 762
2025-05-17 11:00:46.474966,38138.03,درآمد,مالی,تراکنش نمونه 763
2024-01-24 11:00:46.474971,39910.9,هزینه,مارکتینگ,تراکنش نمونه 764
2025-02-24 11:00:46.474976,21835.61,درآمد,فروش,تراکنش نمونه 765
2024-11-20 11:00:46.474982,40909.93,درآمد,فناوری,تراکنش نمونه 766
2023-09-23 11:00:46.474987,6098.43,هزینه,فروش,تراکنش نمونه 767
2024-05-16 11:00:46.474993,27270.01,درآمد,فناوری,تراکنش نمونه 768
2025-04-01 11:00:46.474998,387.36,درآمد,مارکتینگ,تراکنش نمونه 769
2024-09-25 11:00:46.475003,16296.83,درآمد,مالی,تراکنش نمونه 770
2024-11-02 11:00:46.475008,18386.43,درآمد,پشتیبانی,تراکنش نمونه 771
2025-06-04 11:00:46.475014,19869.02,هزینه,مارکتینگ,تراکنش نمونه 772
2024-12-04 11:00:46.475019,34803.81,هزینه,فروش,تراکنش نمونه 773
2024-07-04 11:00:46.475024,19489.05,هزینه,پشتیبانی,تراکنش نمونه 774
2024-06-22 11:00:46.475029,22489.81,هزینه,مالی,تراکنش نمونه 775
2023-11-12 11:00:46.475035,11953.45,هزینه,مارکتینگ,تراکنش نمونه 776
2024-09-28 11:00:46.475040,18725.26,هزینه,پشتیبانی,تراکنش نمونه 777
2025-01-02 11:00:46.475045,11440.75,هزینه,مارکتینگ,تراکنش نمونه 778
2024-12-11 11:00:46.475051,3752.48,هزینه,مارکتینگ,تراکنش نمونه 779
2023-12-28 11:00:46.475056,30212.08,هزینه,مالی,تراکنش نمونه 780
2025-05-14 11:00:46.475061,33443.82,هزینه,فناوری,تراکنش نمونه 781
2024-05-19 11:00:46.475067,31012.57,درآمد,پشتیبانی,تراکنش نمونه 782
2025-04-16 11:00:46.475072,23228.35,هزینه,مالی,تراکنش نمونه 783
2024-06-01 11:00:46.475077,19051.31,درآمد,مارکتینگ,تراکنش نمونه 784
2023-08-24 11:00:46.475083,43180.35,درآمد,مالی,تراکنش نمونه 785
2024-09-25 11:00:46.475088,26002.18,درآمد,فناوری,تراکنش نمونه 786
2025-04-21 11:00:46.475093,24011.18,درآمد,پشتیبانی,تراکنش نمونه 787
2024-08-27 11:00:46.475099,1379.54,هزینه,فناوری,تراکنش نمونه 788
2024-05-19 11:00:46.475104,17128.27,درآمد,فروش,تراکنش نمونه 789
2024-05-07 11:00:46.475109,19071.76,هزینه,پشتیبانی,تراکنش نمونه 790
2024-09-23 11:00:46.475114,20001.26,هزینه,فناوری,تراکنش نمونه 791
2024-11-21 11:00:46.475120,29050.6,درآمد,مارکتینگ,تراکنش نمونه 792
2025-02-12 11:00:46.475125,26726.77,هزینه,پشتیبانی,تراکنش نمونه 793
2024-04-03 11:00:46.475130,30434.46,درآمد,پشتیبانی,تراکنش نمونه 794
2024-08-27 11:00:46.475136,38267.67,درآمد,مالی,تراکنش نمونه 795
2024-02-02 11:00:46.475141,40667.99,هزینه,مارکتینگ,تراکنش نمونه 796
2025-04-13 11:00:46.475146,35934.34,هزینه,فروش,تراکنش نمونه 797
2024-01-12 11:00:46.475151,47780.63,درآمد,فناوری,تراکنش نمونه 798
2025-05-08 11:00:46.475157,1009.81,هزینه,مالی,تراکنش نمونه 799
2025-03-17 11:00:46.475162,9869.32,هزینه,فناوری,تراکنش نمونه 800
2025-03-12 11:00:46.475167,477.39,هزینه,فروش,تراکنش نمونه 801
2025-01-25 11:00:46.475173,32408.99,درآمد,فروش,تراکنش نمونه 802
2024-06-22 11:00:46.475178,44911.72,درآمد,پشتیبانی,تراکنش نمونه 803
2024-09-01 11:00:46.475183,12249.77,هزینه,فروش,تراکنش نمونه 804
2024-03-07 11:00:46.475189,46359.02,هزینه,فناوری,تراکنش نمونه 805
2025-05-20 11:00:46.475194,3107.34,هزینه,مارکتینگ,تراکنش نمونه 806
2024-01-29 11:00:46.475199,46728.36,هزینه,مارکتینگ,تراکنش نمونه 807
2025-06-05 11:00:46.475204,17645.97,هزینه,پشتیبانی,تراکنش نمونه 808
2024-05-04 11:00:46.475210,5160.9,درآمد,فناوری,تراکنش نمونه 809
2025-01-04 11:00:46.475215,24345.0,هزینه,فناوری,تراکنش نمونه 810
2025-03-24 11:00:46.475220,12913.15,درآمد,فروش,تراکنش نمونه 811
2025-06-15 11:00:46.475225,14315.16,هزینه,فناوری,تراکنش نمونه 812
2025-04-08 11:00:46.475231,15433.77,درآمد,مالی,تراکنش نمونه 813
2023-10-04 11:00:46.475236,40170.99,هزینه,فروش,تراکنش نمونه 814
2025-01-26 11:00:46.475241,27004.15,درآمد,مالی,تراکنش نمونه 815
2025-04-24 11:00:46.475247,15634.25,هزینه,پشتیبانی,تراکنش نمونه 816
2024-07-19 11:00:46.475252,30555.66,درآمد,مارکتینگ,تراکنش نمونه 817
2024-02-24 11:00:46.475257,35835.92,درآمد,پشتیبانی,تراکنش نمونه 818
2024-08-02 11:00:46.475267,13703.94,درآمد,مارکتینگ,تراکنش نمونه 819
2023-09-01 11:00:46.475272,20736.1,درآمد,پشتیبانی,تراکنش نمونه 820
2024-10-20 11:00:46.475277,6182.12,درآمد,فناوری,تراکنش نمونه 821
2025-01-14 11:00:46.475283,9139.35,درآمد,مالی,تراکنش نمونه 822
2025-01-14 11:00:46.475288,34087.78,هزینه,مارکتینگ,تراکنش نمونه 823
2023-09-30 11:00:46.475293,9153.77,درآمد,فروش,تراکنش نمونه 824
2025-04-26 11:00:46.475299,26305.65,هزینه,مالی,تراکنش نمونه 825
2023-09-25 11:00:46.475304,35481.41,هزینه,فروش,تراکنش نمونه 826
2025-05-28 11:00:46.475309,5433.16,هزینه,مالی,تراکنش نمونه 827
2023-11-02 11:00:46.475314,28408.88,هزینه,مالی,تراکنش نمونه 828
2025-06-07 11:00:46.475320,12902.48,هزینه,پشتیبانی,تراکنش نمونه 829
2024-06-20 11:00:46.475325,48150.05,درآمد,مارکتینگ,تراکنش نمونه 830
2025-07-23 11:00:46.475330,24228.93,درآمد,مارکتینگ,تراکنش نمونه 831
2024-04-18 11:00:46.475335,40319.03,درآمد,مالی,تراکنش نمونه 832
2023-12-02 11:00:46.475341,27556.3,هزینه,فناوری,تراکنش نمونه 833
2023-09-15 11:00:46.475346,2266.29,درآمد,فناوری,تراکنش نمونه 834
2024-02-10 11:00:46.475351,31694.25,درآمد,فروش,تراکنش نمونه 835
2024-06-18 11:00:46.475356,47575.03,درآمد,فروش,تراکنش نمونه 836
2024-03-02 11:00:46.475362,30120.43,درآمد,پشتیبانی,تراکنش نمونه 837
2023-10-22 11:00:46.475367,40977.52,درآمد,مالی,تراکنش نمونه 838
2024-12-07 11:00:46.475372,44221.9,هزینه,فروش,تراکنش نمونه 839
2024-02-20 11:00:46.475377,11481.18,درآمد,فروش,تراکنش نمونه 840
2024-08-16 11:00:46.475383,10681.04,هزینه,مالی,تراکنش نمونه 841
2025-06-12 11:00:46.475388,30587.95,هزینه,پشتیبانی,تراکنش نمونه 842
2024-01-29 11:00:46.475393,20610.32,هزینه,فروش,تراکنش نمونه 843
2025-05-11 11:00:46.475398,42009.08,هزینه,پشتیبانی,تراکنش نمونه 844
2025-05-16 11:00:46.475404,45011.15,هزینه,مارکتینگ,تراکنش نمونه 845
2024-11-21 11:00:46.475409,17735.73,درآمد,پشتیبانی,تراکنش نمونه 846
2025-06-11 11:00:46.475414,11919.84,درآمد,فناوری,تراکنش نمونه 847
2025-03-29 11:00:46.475419,39048.22,درآمد,فناوری,تراکنش نمونه 848
2024-12-26 11:00:46.475425,13812.82,هزینه,پشتیبانی,تراکنش نمونه 849
2024-12-01 11:00:46.475430,41148.45,درآمد,فناوری,تراکنش نمونه 850
2025-06-02 11:00:46.475435,21244.54,درآمد,مارکتینگ,تراکنش نمونه 851
2024-08-12 11:00:46.475441,33410.74,هزینه,مالی,تراکنش نمونه 852
2025-04-12 11:00:46.475446,4867.21,هزینه,فناوری,تراکنش نمونه 853
2025-06-10 11:00:46.475451,31230.58,هزینه,فناوری,تراکنش نمونه 854
2024-01-02 11:00:46.475456,22643.21,هزینه,پشتیبانی,تراکنش نمونه 855
2024-08-25 11:00:46.475462,29371.76,درآمد,مارکتینگ,تراکنش نمونه 856
2025-07-02 11:00:46.475467,8483.91,هزینه,مالی,تراکنش نمونه 857
2024-11-13 11:00:46.475472,36870.0,هزینه,پشتیبانی,تراکنش نمونه 858
2025-07-20 11:00:46.475478,43153.57,درآمد,پشتیبانی,تراکنش نمونه 859
2023-11-11 11:00:46.475483,10915.32,درآمد,مارکتینگ,تراکنش نمونه 860
2024-11-17 11:00:46.475488,4876.16,هزینه,مالی,تراکنش نمونه 861
2023-09-05 11:00:46.475494,1279.57,درآمد,مارکتینگ,تراکنش نمونه 862
2023-08-09 11:00:46.475499,32134.38,هزینه,مالی,تراکنش نمونه 863
2024-09-28 11:00:46.475504,30393.99,هزینه,مارکتینگ,تراکنش نمونه 864
2023-10-28 11:00:46.475510,27380.2,درآمد,پشتیبانی,تراکنش نمونه 865
2025-06-02 11:00:46.475515,11674.16,درآمد,پشتیبانی,تراکنش نمونه 866
2023-08-02 11:00:46.475520,19606.21,هزینه,فروش,تراکنش نمونه 867
2024-02-18 11:00:46.475525,29764.37,هزینه,فناوری,تراکنش نمونه 868
2024-04-10 11:00:46.475531,24888.67,هزینه,مارکتینگ,تراکنش نمونه 869
2025-06-30 11:00:46.475537,49390.5,درآمد,فروش,تراکنش نمونه 870
2025-05-11 11:00:46.475542,6908.34,هزینه,فناوری,تراکنش نمونه 871
2024-12-24 11:00:46.475547,34787.71,هزینه,مارکتینگ,تراکنش نمونه 872
2024-07-07 11:00:46.475553,20275.51,هزینه,مالی,تراکنش نمونه 873
2024-07-28 11:00:46.475558,21467.16,هزینه,فناوری,تراکنش نمونه 874
2023-10-01 11:00:46.475563,35908.13,هزینه,پشتیبانی,تراکنش نمونه 875
2024-02-18 11:00:46.475569,34652.56,درآمد,فروش,تراکنش نمونه 876
2023-08-29 11:00:46.475574,49563.67,هزینه,فناوری,تراکنش نمونه 877
2024-09-19 11:00:46.475579,6506.88,هزینه,فناوری,تراکنش نمونه 878
2025-07-21 11:00:46.475585,5295.07,هزینه,پشتیبانی,تراکنش نمونه 879
2025-07-25 11:00:46.475590,36244.51,هزینه,مارکتینگ,تراکنش نمونه 880
2023-11-13 11:00:46.475604,28961.51,درآمد,مالی,تراکنش نمونه 881
2024-07-30 11:00:46.475613,13780.62,درآمد,پشتیبانی,تراکنش نمونه 882
2024-03-07 11:00:46.475620,4063.03,درآمد,مالی,تراکنش نمونه 883
2024-10-27 11:00:46.475628,4374.35,هزینه,مارکتینگ,تراکنش نمونه 884
2024-03-09 11:00:46.475635,44720.12,هزینه,فناوری,تراکنش نمونه 885
2025-07-13 11:00:46.475643,9674.18,درآمد,مالی,تراکنش نمونه 886
2025-01-17 11:00:46.475650,16236.24,درآمد,فروش,تراکنش نمونه 887
2023-11-05 11:00:46.475657,11410.15,درآمد,فروش,تراکنش نمونه 888
2024-03-30 11:00:46.475665,17814.32,هزینه,پشتیبانی,تراکنش نمونه 889
2025-06-30 11:00:46.475672,3564.25,هزینه,مارکتینگ,تراکنش نمونه 890
2023-08-14 11:00:46.475680,26001.08,درآمد,پشتیبانی,تراکنش نمونه 891
2025-06-19 11:00:46.475687,3473.87,درآمد,پشتیبانی,تراکنش نمونه 892
2024-10-28 11:00:46.475694,40037.79,درآمد,پشتیبانی,تراکنش نمونه 893
2024-12-09 11:00:46.475701,11762.23,هزینه,فروش,تراکنش نمونه 894
2025-05-03 11:00:46.475707,27046.59,هزینه,فروش,تراکنش نمونه 895
2024-04-10 11:00:46.475712,44015.95,هزینه,پشتیبانی,تراکنش نمونه 896
2025-03-24 11:00:46.475717,32578.78,درآمد,فروش,تراکنش نمونه 897
2024-02-07 11:00:46.475723,26694.59,درآمد,مارکتینگ,تراکنش نمونه 898
2025-03-05 11:00:46.475728,16284.25,هزینه,پشتیبانی,تراکنش نمونه 899
2024-02-19 11:00:46.475733,16716.8,درآمد,فروش,تراکنش نمونه 900
2024-12-28 11:00:46.475739,33507.4,هزینه,مالی,تراکنش نمونه 901
2025-07-03 11:00:46.475746,49707.55,درآمد,پشتیبانی,تراکنش نمونه 902
2023-12-26 11:00:46.475754,33125.78,درآمد,پشتیبانی,تراکنش نمونه 903
2024-06-29 11:00:46.475762,27933.39,درآمد,مارکتینگ,تراکنش نمونه 904
2025-05-22 11:00:46.475774,36559.46,درآمد,فناوری,تراکنش نمونه 905
2024-12-07 11:00:46.475780,23313.76,هزینه,فناوری,تراکنش نمونه 906
2025-04-10 11:00:46.475785,3101.1,درآمد,مارکتینگ,تراکنش نمونه 907
2025-03-04 11:00:46.475790,28158.61,هزینه,مارکتینگ,تراکنش نمونه 908
2025-04-08 11:00:46.475796,47885.5,هزینه,مارکتینگ,تراکنش نمونه 909
2024-12-12 11:00:46.475801,8847.62,هزینه,فناوری,تراکنش نمونه 910
2025-04-08 11:00:46.475806,34531.24,درآمد,مارکتینگ,تراکنش نمونه 911
2024-04-14 11:00:46.475811,10126.59,هزینه,فروش,تراکنش نمونه 912
2025-06-24 11:00:46.475816,26837.8,هزینه,پشتیبانی,تراکنش نمونه 913
2023-11-13 11:00:46.475822,4924.15,هزینه,پشتیبانی,تراکنش نمونه 914
2024-07-24 11:00:46.475827,22573.51,درآمد,مالی,تراکنش نمونه 915
2023-12-11 11:00:46.475832,37832.55,درآمد,مالی,تراکنش نمونه 916
2024-01-21 11:00:46.475838,17443.82,هزینه,پشتیبانی,تراکنش نمونه 917
2024-05-29 11:00:46.475843,33279.1,درآمد,فروش,تراکنش نمونه 918
2023-11-23 11:00:46.475848,39792.95,هزینه,فناوری,تراکنش نمونه 919
2024-02-26 11:00:46.475853,46366.17,هزینه,فناوری,تراکنش نمونه 920
2023-09-05 11:00:46.475859,11808.64,درآمد,فروش,تراکنش نمونه 921
2024-10-19 11:00:46.475864,20025.86,هزینه,فناوری,تراکنش نمونه 922
2024-09-11 11:00:46.475870,7705.56,درآمد,مارکتینگ,تراکنش نمونه 923
2024-05-11 11:00:46.475877,49624.93,درآمد,پشتیبانی,تراکنش نمونه 924
2024-09-16 11:00:46.475884,46357.35,هزینه,پشتیبانی,تراکنش نمونه 925
2024-07-16 11:00:46.475892,27043.86,درآمد,فروش,تراکنش نمونه 926
2024-10-12 11:00:46.475898,42117.46,درآمد,فناوری,تراکنش نمونه 927
2024-05-17 11:00:46.475904,26095.8,هزینه,مالی,تراکنش نمونه 928
2023-10-05 11:00:46.475911,31216.93,هزینه,مالی,تراکنش نمونه 929
2024-10-24 11:00:46.475917,4547.31,درآمد,فناوری,تراکنش نمونه 930
2023-08-18 11:00:46.475924,37787.99,درآمد,مالی,تراکنش نمونه 931
2023-12-24 11:00:46.475930,6472.9,هزینه,فروش,تراکنش نمونه 932
2024-03-12 11:00:46.475937,41320.77,درآمد,فروش,تراکنش نمونه 933
2023-11-12 11:00:46.475943,39123.2,درآمد,فناوری,تراکنش نمونه 934
2024-02-28 11:00:46.475949,35466.36,درآمد,مالی,تراکنش نمونه 935
2024-08-12 11:00:46.475956,1904.4,درآمد,فروش,تراکنش نمونه 936
2024-05-08 11:00:46.475963,15226.1,درآمد,فروش,تراکنش نمونه 937
2024-08-12 11:00:46.475970,13229.32,درآمد,مارکتینگ,تراکنش نمونه 938
2023-11-29 11:00:46.475977,18070.81,درآمد,مارکتینگ,تراکنش نمونه 939
2023-10-03 11:00:46.475983,4473.37,هزینه,فروش,تراکنش نمونه 940
2025-03-13 11:00:46.475988,46854.2,هزینه,فناوری,تراکنش نمونه 941
2024-11-27 11:00:46.475994,27734.73,هزینه,پشتیبانی,تراکنش نمونه 942
2024-02-01 11:00:46.475999,15345.66,هزینه,پشتیبانی,تراکنش نمونه 943
2025-06-18 11:00:46.476004,19909.38,هزینه,فروش,تراکنش نمونه 944
2024-12-11 11:00:46.476009,22415.41,درآمد,فروش,تراکنش نمونه 945
2024-01-27 11:00:46.476015,30069.66,درآمد,فروش,تراکنش نمونه 946
2024-12-17 11:00:46.476020,25832.4,درآمد,فناوری,تراکنش نمونه 947
2025-07-22 11:00:46.476025,45977.66,درآمد,مارکتینگ,تراکنش نمونه 948
2024-09-09 11:00:46.476031,24898.48,هزینه,فروش,تراکنش نمونه 949
2024-04-16 11:00:46.476036,49608.68,درآمد,فروش,تراکنش نمونه 950
2025-05-14 11:00:46.476041,42586.11,درآمد,مالی,تراکنش نمونه 951
2025-07-24 11:00:46.476046,10504.67,هزینه,فناوری,تراکنش نمونه 952
2023-10-21 11:00:46.476052,46536.7,درآمد,فروش,تراکنش نمونه 953
2025-04-01 11:00:46.476057,5906.68,درآمد,مالی,تراکنش نمونه 954
2023-11-30 11:00:46.476062,40890.74,هزینه,پشتیبانی,تراکنش نمونه 955
2024-03-11 11:00:46.476067,19093.1,درآمد,فروش,تراکنش نمونه 956
2024-01-01 11:00:46.476073,43910.92,درآمد,فروش,تراکنش نمونه 957
2024-05-13 11:00:46.476078,43416.03,درآمد,مالی,تراکنش نمونه 958
2025-01-15 11:00:46.476083,40315.68,درآمد,فناوری,تراکنش نمونه 959
2023-08-13 11:00:46.476088,39522.52,درآمد,فروش,تراکنش نمونه 960
2024-07-01 11:00:46.476094,15303.49,هزینه,پشتیبانی,تراکنش نمونه 961
2025-07-02 11:00:46.476099,4137.87,هزینه,فروش,تراکنش نمونه 962
2024-05-19 11:00:46.476104,20208.71,هزینه,پشتیبانی,تراکنش نمونه 963
2025-02-05 11:00:46.476109,8758.87,هزینه,مارکتینگ,تراکنش نمونه 964
2024-10-01 11:00:46.476115,34778.06,هزینه,مارکتینگ,تراکنش نمونه 965
2023-10-22 11:00:46.476120,17370.38,هزینه,پشتیبانی,تراکنش نمونه 966
2024-09-05 11:00:46.476125,48782.95,درآمد,فناوری,تراکنش نمونه 967
2024-06-13 11:00:46.476130,32084.51,هزینه,فروش,تراکنش نمونه 968
2025-04-01 11:00:46.476136,41141.78,هزینه,فروش,تراکنش نمونه 969
2023-08-04 11:00:46.476141,6712.98,درآمد,مارکتینگ,تراکنش نمونه 970
2024-12-15 11:00:46.476146,43114.52,درآمد,پشتیبانی,تراکنش نمونه 971
2024-02-12 11:00:46.476151,46145.58,هزینه,فروش,تراکنش نمونه 972
2025-04-06 11:00:46.476157,24404.39,درآمد,فروش,تراکنش نمونه 973
2025-03-10 11:00:46.476162,30352.02,هزینه,فناوری,تراکنش نمونه 974
2024-01-16 11:00:46.476168,38264.01,درآمد,مالی,تراکنش نمونه 975
2025-07-27 11:00:46.476173,8824.45,هزینه,مارکتینگ,تراکنش نمونه 976
2025-04-29 11:00:46.476178,25178.05,درآمد,مارکتینگ,تراکنش نمونه 977
2023-10-13 11:00:46.476183,19993.29,درآمد,مالی,تراکنش نمونه 978
2024-09-11 11:00:46.476189,7404.06,هزینه,فروش,تراکنش نمونه 979
2024-01-25 11:00:46.476194,18439.97,هزینه,فناوری,تراکنش نمونه 980
2025-03-11 11:00:46.476199,3501.8,هزینه,فناوری,تراکنش نمونه 981
2024-03-04 11:00:46.476204,1388.01,هزینه,مارکتینگ,تراکنش نمونه 982
2024-11-11 11:00:46.476210,6844.8,هزینه,فناوری,تراکنش نمونه 983
2023-09-24 11:00:46.476215,48159.44,درآمد,مالی,تراکنش نمونه 984
2023-09-07 11:00:46.476220,27521.52,هزینه,فروش,تراکنش نمونه 985
2025-07-18 11:00:46.476225,48294.53,هزینه,مالی,تراکنش نمونه 986
2024-11-09 11:00:46.476231,21681.64,درآمد,پشتیبانی,تراکنش نمونه 987
2023-10-17 11:00:46.476236,15659.63,درآمد,مارکتینگ,تراکنش نمونه 988
2025-02-06 11:00:46.476247,25356.48,هزینه,فناوری,تراکنش نمونه 989
2025-07-15 11:00:46.476252,22031.63,درآمد,پشتیبانی,تراکنش نمونه 990
2025-02-10 11:00:46.476257,5372.67,درآمد,فناوری,تراکنش نمونه 991
2023-10-25 11:00:46.476262,32077.23,هزینه,فروش,تراکنش نمونه 992
2023-12-10 11:00:46.476268,10880.31,درآمد,فروش,تراکنش نمونه 993
2024-09-10 11:00:46.476273,31017.44,درآمد,فروش,تراکنش نمونه 994
2024-09-12 11:00:46.476278,32545.03,هزینه,فناوری,تراکنش نمونه 995
2023-11-23 11:00:46.476283,7686.04,هزینه,پشتیبانی,تراکنش نمونه 996
2024-09-02 11:00:46.476289,3161.35,درآمد,فروش,تراکنش نمونه 997
2024-01-25 11:00:46.476294,39060.0,درآمد,پشتیبانی,تراکنش نمونه 998
2024-06-04 11:00:46.476299,23044.04,هزینه,فناوری,تراکنش نمونه 999
