Date,Amount,Type,Department,Description
2025-04-16 11:51:48.220312,17508.53,Expense,Sales,Sample transaction 0
2024-05-18 11:51:48.220368,46483.5,Expense,IT,Sample transaction 1
2024-10-30 11:51:48.220376,41547.91,Revenue,Marketing,Sample transaction 2
2025-04-12 11:51:48.220383,48254.84,Expense,Sales,Sample transaction 3
2025-05-17 11:51:48.220389,6302.43,Revenue,Marketing,Sample transaction 4
2023-08-27 11:51:48.220395,36570.29,Revenue,IT,Sample transaction 5
2025-07-07 11:51:48.220401,46923.19,Expense,Marketing,Sample transaction 6
2023-11-21 11:51:48.220406,9143.53,Revenue,Support,Sample transaction 7
2025-03-28 11:51:48.220411,3418.16,Revenue,Support,Sample transaction 8
2024-04-17 11:51:48.220417,37081.92,Revenue,Marketing,Sample transaction 9
2024-12-25 11:51:48.220422,28766.21,Revenue,Sales,Sample transaction 10
2024-08-31 11:51:48.220427,42107.26,Revenue,Sales,Sample transaction 11
2024-04-25 11:51:48.220432,7074.64,Revenue,Sales,Sample transaction 12
2025-05-01 11:51:48.220438,39783.84,Revenue,Marketing,Sample transaction 13
2024-07-20 11:51:48.220443,10161.2,Revenue,Sales,Sample transaction 14
2025-04-19 11:51:48.220448,8266.43,Expense,IT,Sample transaction 15
2023-10-03 11:51:48.220453,8296.86,Expense,Support,Sample transaction 16
2025-03-19 11:51:48.220458,40747.28,Expense,IT,Sample transaction 17
2023-10-05 11:51:48.220463,33293.34,Revenue,Sales,Sample transaction 18
2024-09-22 11:51:48.220468,26200.96,Revenue,IT,Sample transaction 19
2024-08-18 11:51:48.220473,18005.64,Expense,Sales,Sample transaction 20
2024-03-23 11:51:48.220478,43872.31,Expense,Marketing,Sample transaction 21
2024-06-09 11:51:48.220483,19683.01,Expense,IT,Sample transaction 22
2024-07-07 11:51:48.220489,40848.31,Revenue,Marketing,Sample transaction 23
2025-01-17 11:51:48.220494,22012.83,Expense,Marketing,Sample transaction 24
2024-10-24 11:51:48.220499,18909.53,Expense,Finance,Sample transaction 25
2025-02-17 11:51:48.220504,23187.72,Revenue,Sales,Sample transaction 26
2024-04-24 11:51:48.220509,15138.76,Expense,Support,Sample transaction 27
2024-09-17 11:51:48.220515,37405.71,Revenue,Sales,Sample transaction 28
2025-07-06 11:51:48.220520,25185.75,Revenue,Support,Sample transaction 29
2024-11-17 11:51:48.220525,11687.41,Revenue,Sales,Sample transaction 30
2024-01-14 11:51:48.220530,44988.77,Expense,Marketing,Sample transaction 31
2024-04-09 11:51:48.220535,19256.17,Expense,IT,Sample transaction 32
2025-05-30 11:51:48.220540,27223.29,Revenue,IT,Sample transaction 33
2024-03-04 11:51:48.220545,45332.96,Expense,Finance,Sample transaction 34
2023-09-15 11:51:48.220550,31249.48,Expense,Support,Sample transaction 35
2024-04-08 11:51:48.220555,5933.21,Expense,Support,Sample transaction 36
2023-08-28 11:51:48.220560,46997.62,Expense,Support,Sample transaction 37
2025-01-19 11:51:48.220565,31422.63,Revenue,Marketing,Sample transaction 38
2023-09-10 11:51:48.220570,16811.79,Expense,Support,Sample transaction 39
2024-01-12 11:51:48.220575,7049.68,Revenue,IT,Sample transaction 40
2024-01-08 11:51:48.220581,39721.86,Revenue,Marketing,Sample transaction 41
2024-11-26 11:51:48.220586,31041.63,Expense,Sales,Sample transaction 42
2024-03-10 11:51:48.220591,26719.71,Revenue,Support,Sample transaction 43
2025-03-19 11:51:48.220607,44705.24,Expense,Support,Sample transaction 44
2024-03-30 11:51:48.220613,39451.0,Expense,Sales,Sample transaction 45
2023-10-20 11:51:48.220619,7668.58,Revenue,Support,Sample transaction 46
2025-07-07 11:51:48.220624,15654.93,Revenue,Sales,Sample transaction 47
2025-02-11 11:51:48.220629,12499.61,Revenue,Marketing,Sample transaction 48
2024-10-27 11:51:48.220634,37222.92,Revenue,IT,Sample transaction 49
2024-07-05 11:51:48.220639,1773.27,Expense,Sales,Sample transaction 50
2023-12-05 11:51:48.220644,28537.5,Expense,Finance,Sample transaction 51
2024-09-15 11:51:48.220649,38146.69,Expense,Sales,Sample transaction 52
2025-07-14 11:51:48.220654,43850.61,Revenue,Support,Sample transaction 53
2024-11-28 11:51:48.220659,17169.88,Revenue,Marketing,Sample transaction 54
2024-08-16 11:51:48.220664,41080.74,Revenue,Marketing,Sample transaction 55
2024-01-10 11:51:48.220669,5620.52,Expense,Sales,Sample transaction 56
2024-08-22 11:51:48.220674,42337.97,Revenue,IT,Sample transaction 57
2025-04-27 11:51:48.220679,6461.68,Expense,Finance,Sample transaction 58
2024-07-26 11:51:48.220684,19924.64,Revenue,Marketing,Sample transaction 59
2024-04-29 11:51:48.220690,39885.04,Expense,Support,Sample transaction 60
2024-05-26 11:51:48.220695,7580.88,Expense,Support,Sample transaction 61
2024-03-06 11:51:48.220700,11539.64,Revenue,IT,Sample transaction 62
2025-06-23 11:51:48.220705,36140.4,Revenue,Marketing,Sample transaction 63
2025-01-03 11:51:48.220710,36029.82,Expense,Sales,Sample transaction 64
2025-05-08 11:51:48.220715,32093.27,Expense,Support,Sample transaction 65
2024-01-13 11:51:48.220720,34728.03,Revenue,IT,Sample transaction 66
2024-07-05 11:51:48.220725,27181.95,Revenue,Marketing,Sample transaction 67
2025-07-26 11:51:48.220730,12664.77,Expense,Marketing,Sample transaction 68
2024-07-03 11:51:48.220735,17350.23,Revenue,Marketing,Sample transaction 69
2024-01-09 11:51:48.220740,9161.73,Expense,Marketing,Sample transaction 70
2025-04-13 11:51:48.220745,45431.68,Expense,Marketing,Sample transaction 71
2024-04-07 11:51:48.220750,29211.25,Revenue,Support,Sample transaction 72
2023-08-25 11:51:48.220755,20102.49,Revenue,IT,Sample transaction 73
2024-06-21 11:51:48.220760,23154.09,Revenue,Marketing,Sample transaction 74
2024-01-19 11:51:48.220765,47369.44,Revenue,Finance,Sample transaction 75
2025-02-16 11:51:48.220770,7752.24,Revenue,Finance,Sample transaction 76
2025-01-07 11:51:48.220776,29352.87,Expense,IT,Sample transaction 77
2024-10-31 11:51:48.220781,25343.85,Expense,Sales,Sample transaction 78
2024-10-30 11:51:48.220786,30611.57,Revenue,Sales,Sample transaction 79
2024-04-28 11:51:48.220791,1003.7,Revenue,Sales,Sample transaction 80
2024-04-22 11:51:48.220797,43618.98,Revenue,Finance,Sample transaction 81
2023-08-01 11:51:48.220802,46612.7,Expense,Sales,Sample transaction 82
2024-11-18 11:51:48.220807,28300.15,Revenue,Support,Sample transaction 83
2023-08-26 11:51:48.220812,34862.88,Revenue,Marketing,Sample transaction 84
2024-10-05 11:51:48.220817,46132.72,Expense,Finance,Sample transaction 85
2023-08-03 11:51:48.220822,35391.21,Expense,IT,Sample transaction 86
2023-08-08 11:51:48.220827,7711.7,Revenue,IT,Sample transaction 87
2024-08-24 11:51:48.220832,28856.79,Revenue,Marketing,Sample transaction 88
2025-06-05 11:51:48.220837,30375.08,Revenue,Finance,Sample transaction 89
2024-12-23 11:51:48.220842,21264.12,Expense,Sales,Sample transaction 90
2025-01-21 11:51:48.220847,36848.57,Revenue,Sales,Sample transaction 91
2024-07-13 11:51:48.220852,46724.91,Revenue,Support,Sample transaction 92
2024-03-22 11:51:48.220858,46285.87,Revenue,Support,Sample transaction 93
2025-06-17 11:51:48.220863,22596.88,Expense,Sales,Sample transaction 94
2025-02-21 11:51:48.220868,5750.58,Expense,IT,Sample transaction 95
2025-07-13 11:51:48.220873,49243.58,Revenue,IT,Sample transaction 96
2025-05-24 11:51:48.220878,41961.01,Revenue,Support,Sample transaction 97
2024-02-23 11:51:48.220883,6320.67,Expense,Marketing,Sample transaction 98
2024-08-18 11:51:48.220888,46050.01,Expense,Sales,Sample transaction 99
2025-03-21 11:51:48.220893,43507.83,Expense,Support,Sample transaction 100
2023-10-19 11:51:48.220898,25990.02,Expense,Support,Sample transaction 101
2024-04-12 11:51:48.220903,29604.64,Expense,Sales,Sample transaction 102
2025-05-26 11:51:48.220908,20010.23,Expense,Sales,Sample transaction 103
2025-03-11 11:51:48.220913,2832.61,Expense,IT,Sample transaction 104
2024-03-16 11:51:48.220918,16826.34,Expense,Marketing,Sample transaction 105
2023-12-13 11:51:48.220923,40162.39,Expense,Marketing,Sample transaction 106
2024-07-01 11:51:48.220928,331.14,Revenue,Sales,Sample transaction 107
2023-09-22 11:51:48.220933,16741.61,Revenue,Finance,Sample transaction 108
2024-06-04 11:51:48.220939,19968.62,Revenue,Support,Sample transaction 109
2024-10-12 11:51:48.220944,26916.04,Expense,Support,Sample transaction 110
2024-07-14 11:51:48.220949,46000.8,Revenue,Sales,Sample transaction 111
2024-03-25 11:51:48.220954,17382.67,Expense,Finance,Sample transaction 112
2024-12-09 11:51:48.220959,17412.96,Expense,IT,Sample transaction 113
2025-06-17 11:51:48.220964,36901.31,Revenue,Sales,Sample transaction 114
2025-06-30 11:51:48.220969,22665.68,Expense,Sales,Sample transaction 115
2025-03-15 11:51:48.220974,11307.78,Revenue,Support,Sample transaction 116
2025-01-08 11:51:48.220979,22676.73,Revenue,Sales,Sample transaction 117
2025-06-25 11:51:48.220984,7128.77,Revenue,Sales,Sample transaction 118
2025-06-10 11:51:48.220989,8901.71,Expense,Sales,Sample transaction 119
2024-03-12 11:51:48.220994,24968.55,Revenue,Support,Sample transaction 120
2024-06-16 11:51:48.220999,21004.38,Expense,IT,Sample transaction 121
2024-01-01 11:51:48.221004,45750.81,Revenue,IT,Sample transaction 122
2023-07-31 11:51:48.221009,18183.46,Revenue,Sales,Sample transaction 123
2025-04-20 11:51:48.221015,29071.36,Revenue,Support,Sample transaction 124
2023-09-13 11:51:48.221020,31649.99,Expense,IT,Sample transaction 125
2023-08-02 11:51:48.221024,753.41,Expense,IT,Sample transaction 126
2024-01-28 11:51:48.221030,33210.51,Expense,IT,Sample transaction 127
2023-11-23 11:51:48.221035,8983.99,Revenue,Support,Sample transaction 128
2024-04-22 11:51:48.221040,48057.41,Revenue,Support,Sample transaction 129
2023-10-24 11:51:48.221045,7518.27,Expense,Sales,Sample transaction 130
2025-07-23 11:51:48.221050,20789.74,Expense,Marketing,Sample transaction 131
2024-12-22 11:51:48.221055,4358.95,Expense,IT,Sample transaction 132
2024-03-12 11:51:48.221060,49844.03,Expense,Marketing,Sample transaction 133
2024-06-25 11:51:48.221065,25159.53,Expense,Support,Sample transaction 134
2024-06-30 11:51:48.221070,29809.71,Expense,Support,Sample transaction 135
2025-01-02 11:51:48.221075,3447.12,Revenue,Support,Sample transaction 136
2025-07-13 11:51:48.221080,37523.03,Expense,Marketing,Sample transaction 137
2024-01-21 11:51:48.221085,10574.29,Revenue,Support,Sample transaction 138
2024-04-23 11:51:48.221090,44912.91,Revenue,Sales,Sample transaction 139
2023-09-06 11:51:48.221095,10336.47,Expense,Support,Sample transaction 140
2023-12-31 11:51:48.221100,9615.32,Expense,Finance,Sample transaction 141
2024-11-29 11:51:48.221105,1923.83,Revenue,Marketing,Sample transaction 142
2024-01-11 11:51:48.221110,23656.14,Expense,Finance,Sample transaction 143
2025-04-23 11:51:48.221115,28285.57,Expense,Support,Sample transaction 144
2024-03-30 11:51:48.221120,3378.86,Revenue,Sales,Sample transaction 145
2024-06-16 11:51:48.221125,38798.83,Revenue,IT,Sample transaction 146
2024-12-09 11:51:48.221130,22719.11,Revenue,Support,Sample transaction 147
2023-10-12 11:51:48.221135,26267.07,Expense,Sales,Sample transaction 148
2025-02-07 11:51:48.221141,22094.06,Revenue,Marketing,Sample transaction 149
2024-02-03 11:51:48.221146,20098.08,Expense,Finance,Sample transaction 150
2025-06-22 11:51:48.221151,28026.05,Revenue,Finance,Sample transaction 151
2024-02-19 11:51:48.221156,7846.49,Revenue,Finance,Sample transaction 152
2025-02-18 11:51:48.221161,9178.21,Revenue,Marketing,Sample transaction 153
2023-08-29 11:51:48.221166,43103.1,Expense,Sales,Sample transaction 154
2024-11-27 11:51:48.221171,47311.16,Expense,Marketing,Sample transaction 155
2025-05-03 11:51:48.221176,18728.13,Revenue,Finance,Sample transaction 156
2023-12-28 11:51:48.221181,13610.16,Revenue,Support,Sample transaction 157
2023-09-15 11:51:48.221186,32235.58,Revenue,IT,Sample transaction 158
2024-01-18 11:51:48.221191,20495.84,Expense,Marketing,Sample transaction 159
2024-01-01 11:51:48.221196,1366.78,Revenue,Marketing,Sample transaction 160
2023-10-21 11:51:48.221201,7892.01,Expense,Sales,Sample transaction 161
2025-06-30 11:51:48.221206,35827.01,Revenue,Sales,Sample transaction 162
2023-11-16 11:51:48.221211,32980.3,Revenue,Marketing,Sample transaction 163
2024-01-19 11:51:48.221217,1452.09,Revenue,Finance,Sample transaction 164
2024-08-22 11:51:48.221222,11176.41,Revenue,IT,Sample transaction 165
2024-08-31 11:51:48.221227,11630.63,Revenue,Sales,Sample transaction 166
2023-10-27 11:51:48.221232,33627.45,Revenue,Finance,Sample transaction 167
2024-03-09 11:51:48.221237,1083.56,Expense,Support,Sample transaction 168
2024-08-14 11:51:48.221242,5295.02,Revenue,Sales,Sample transaction 169
2024-04-11 11:51:48.221247,40015.81,Expense,Finance,Sample transaction 170
2024-12-09 11:51:48.221252,9009.38,Revenue,Finance,Sample transaction 171
2025-01-19 11:51:48.221257,32672.03,Revenue,IT,Sample transaction 172
2024-12-15 11:51:48.221262,11985.32,Expense,IT,Sample transaction 173
2024-07-08 11:51:48.221267,5062.13,Revenue,Support,Sample transaction 174
2024-07-16 11:51:48.221272,12234.29,Expense,Finance,Sample transaction 175
2024-10-18 11:51:48.221277,36141.12,Expense,Finance,Sample transaction 176
2023-11-03 11:51:48.221282,42799.25,Revenue,IT,Sample transaction 177
2023-11-08 11:51:48.221287,41527.97,Expense,Sales,Sample transaction 178
2024-11-11 11:51:48.221292,19919.46,Expense,Sales,Sample transaction 179
2024-08-03 11:51:48.221297,33437.45,Revenue,Marketing,Sample transaction 180
2023-08-18 11:51:48.221302,10328.72,Expense,IT,Sample transaction 181
2024-04-28 11:51:48.221307,14728.07,Revenue,Marketing,Sample transaction 182
2024-06-12 11:51:48.221312,44827.16,Revenue,IT,Sample transaction 183
2023-10-18 11:51:48.221317,748.8,Revenue,Support,Sample transaction 184
2024-09-13 11:51:48.221322,4366.88,Revenue,Finance,Sample transaction 185
2023-09-20 11:51:48.221327,10473.52,Expense,Support,Sample transaction 186
2024-12-15 11:51:48.221332,1423.96,Revenue,IT,Sample transaction 187
2024-12-06 11:51:48.221337,9153.63,Revenue,Finance,Sample transaction 188
2023-09-13 11:51:48.221342,29193.77,Expense,Sales,Sample transaction 189
2023-10-03 11:51:48.221347,21129.09,Revenue,Sales,Sample transaction 190
2024-07-19 11:51:48.221352,44644.32,Revenue,Marketing,Sample transaction 191
2023-09-25 11:51:48.221357,40890.43,Expense,IT,Sample transaction 192
2023-11-28 11:51:48.221363,17156.69,Expense,IT,Sample transaction 193
2024-04-12 11:51:48.221368,13045.23,Expense,Sales,Sample transaction 194
2024-12-07 11:51:48.221373,19046.65,Expense,Support,Sample transaction 195
2023-09-05 11:51:48.221378,29555.72,Expense,Finance,Sample transaction 196
2025-04-06 11:51:48.221383,13476.38,Expense,Support,Sample transaction 197
2024-03-18 11:51:48.221388,31245.03,Expense,Support,Sample transaction 198
2024-05-12 11:51:48.221393,20529.64,Revenue,Sales,Sample transaction 199
2024-01-11 11:51:48.221398,27647.15,Expense,Sales,Sample transaction 200
2024-11-02 11:51:48.221403,21862.71,Expense,Sales,Sample transaction 201
2024-03-05 11:51:48.221409,14793.84,Expense,Marketing,Sample transaction 202
2024-07-07 11:51:48.221414,47427.82,Revenue,Support,Sample transaction 203
2024-07-06 11:51:48.221419,38203.93,Revenue,IT,Sample transaction 204
2025-04-06 11:51:48.221424,7091.65,Expense,Finance,Sample transaction 205
2023-11-23 11:51:48.221429,43436.55,Expense,Marketing,Sample transaction 206
2023-11-11 11:51:48.221434,24422.82,Expense,IT,Sample transaction 207
2025-05-08 11:51:48.221439,44738.16,Revenue,Support,Sample transaction 208
2023-08-29 11:51:48.221444,40012.78,Revenue,Sales,Sample transaction 209
2025-04-06 11:51:48.221449,21318.15,Expense,Support,Sample transaction 210
2025-07-26 11:51:48.221454,1221.22,Revenue,Finance,Sample transaction 211
2023-10-25 11:51:48.221459,13507.0,Expense,Marketing,Sample transaction 212
2024-12-20 11:51:48.221464,27127.55,Revenue,Marketing,Sample transaction 213
2024-01-09 11:51:48.221469,31710.56,Revenue,Finance,Sample transaction 214
2024-12-15 11:51:48.221474,12968.6,Expense,IT,Sample transaction 215
2024-07-08 11:51:48.221479,7053.87,Expense,IT,Sample transaction 216
2024-06-20 11:51:48.221484,41763.02,Expense,Marketing,Sample transaction 217
2023-10-29 11:51:48.221489,49221.67,Expense,Marketing,Sample transaction 218
2025-03-20 11:51:48.221494,26331.94,Revenue,Sales,Sample transaction 219
2025-06-05 11:51:48.221499,8666.8,Revenue,IT,Sample transaction 220
2023-09-13 11:51:48.221504,13688.14,Revenue,Finance,Sample transaction 221
2023-09-25 11:51:48.221509,1017.69,Expense,IT,Sample transaction 222
2023-08-18 11:51:48.221514,45723.51,Revenue,Sales,Sample transaction 223
2024-06-07 11:51:48.221519,5975.78,Expense,Marketing,Sample transaction 224
2024-11-23 11:51:48.221524,28868.17,Revenue,Marketing,Sample transaction 225
2024-05-15 11:51:48.221529,13775.36,Expense,Sales,Sample transaction 226
2025-01-06 11:51:48.221534,27753.48,Expense,Finance,Sample transaction 227
2025-01-25 11:51:48.221539,32605.88,Revenue,Marketing,Sample transaction 228
2025-03-27 11:51:48.221544,41504.12,Expense,Support,Sample transaction 229
2024-06-22 11:51:48.221549,10400.42,Expense,Marketing,Sample transaction 230
2024-10-07 11:51:48.221554,648.69,Revenue,Support,Sample transaction 231
2024-10-21 11:51:48.221559,6930.59,Expense,Sales,Sample transaction 232
2023-11-26 11:51:48.221564,45010.93,Expense,Sales,Sample transaction 233
2025-01-11 11:51:48.221570,43707.11,Expense,Marketing,Sample transaction 234
2024-03-04 11:51:48.221574,29910.91,Revenue,IT,Sample transaction 235
2025-03-06 11:51:48.221580,30065.79,Revenue,Support,Sample transaction 236
2023-11-27 11:51:48.221585,33285.33,Expense,Finance,Sample transaction 237
2025-01-08 11:51:48.221590,8851.03,Revenue,Marketing,Sample transaction 238
2025-03-26 11:51:48.221595,45729.16,Expense,Finance,Sample transaction 239
2025-01-22 11:51:48.221616,20996.65,Expense,Marketing,Sample transaction 240
2024-09-05 11:51:48.221621,19218.61,Expense,IT,Sample transaction 241
2024-04-20 11:51:48.221626,25993.99,Expense,IT,Sample transaction 242
2024-08-13 11:51:48.221631,2443.6,Expense,IT,Sample transaction 243
2023-10-07 11:51:48.221636,8397.54,Revenue,IT,Sample transaction 244
2024-06-20 11:51:48.221641,36927.88,Expense,Sales,Sample transaction 245
2024-08-16 11:51:48.221646,4231.65,Revenue,Sales,Sample transaction 246
2024-03-04 11:51:48.221652,30197.29,Revenue,Support,Sample transaction 247
2025-03-03 11:51:48.221657,12342.92,Expense,Finance,Sample transaction 248
2025-03-02 11:51:48.221662,19525.85,Expense,Marketing,Sample transaction 249
2023-08-17 11:51:48.221667,14505.82,Revenue,Marketing,Sample transaction 250
2024-03-26 11:51:48.221672,17848.07,Revenue,Sales,Sample transaction 251
2023-10-27 11:51:48.221677,35980.39,Revenue,Marketing,Sample transaction 252
2024-01-24 11:51:48.221682,14926.37,Expense,Sales,Sample transaction 253
2024-08-24 11:51:48.221687,28363.59,Revenue,Support,Sample transaction 254
2023-10-26 11:51:48.221692,23854.92,Expense,Finance,Sample transaction 255
2024-04-11 11:51:48.221697,33217.19,Expense,Support,Sample transaction 256
2025-02-27 11:51:48.221702,46847.8,Expense,IT,Sample transaction 257
2024-06-08 11:51:48.221707,36655.35,Revenue,IT,Sample transaction 258
2024-10-03 11:51:48.221712,10825.52,Expense,IT,Sample transaction 259
2023-11-25 11:51:48.221717,1656.04,Expense,Support,Sample transaction 260
2024-11-07 11:51:48.221723,13186.98,Expense,Marketing,Sample transaction 261
2025-03-06 11:51:48.221728,29794.39,Expense,Finance,Sample transaction 262
2024-08-16 11:51:48.221733,2666.15,Expense,IT,Sample transaction 263
2023-11-12 11:51:48.221738,24868.68,Revenue,IT,Sample transaction 264
2024-01-03 11:51:48.221743,29882.46,Expense,IT,Sample transaction 265
2025-07-26 11:51:48.221748,16778.77,Expense,Finance,Sample transaction 266
2024-09-27 11:51:48.221753,38568.52,Revenue,IT,Sample transaction 267
2024-11-16 11:51:48.221758,5419.25,Expense,Finance,Sample transaction 268
2023-10-15 11:51:48.221763,3849.38,Revenue,IT,Sample transaction 269
2024-05-01 11:51:48.221768,36436.62,Expense,Support,Sample transaction 270
2025-06-21 11:51:48.221773,24825.02,Revenue,Support,Sample transaction 271
2025-02-18 11:51:48.221778,34451.28,Revenue,Finance,Sample transaction 272
2025-07-19 11:51:48.221783,21797.88,Expense,Support,Sample transaction 273
2024-12-07 11:51:48.221788,12395.46,Expense,Finance,Sample transaction 274
2025-04-20 11:51:48.221793,40973.21,Expense,Support,Sample transaction 275
2023-10-08 11:51:48.221798,39990.85,Revenue,Support,Sample transaction 276
2025-01-01 11:51:48.221808,34765.35,Revenue,Finance,Sample transaction 277
2025-03-19 11:51:48.221814,13680.04,Revenue,Marketing,Sample transaction 278
2024-06-19 11:51:48.221819,29552.51,Expense,Support,Sample transaction 279
2025-02-26 11:51:48.221824,18112.6,Revenue,IT,Sample transaction 280
2025-06-04 11:51:48.221829,4669.95,Revenue,Marketing,Sample transaction 281
2025-03-30 11:51:48.221834,45873.95,Expense,Finance,Sample transaction 282
2023-09-24 11:51:48.221839,6927.25,Revenue,Marketing,Sample transaction 283
2023-11-08 11:51:48.221844,47516.84,Revenue,Sales,Sample transaction 284
2023-12-19 11:51:48.221849,22355.69,Expense,Sales,Sample transaction 285
2023-11-11 11:51:48.221854,9338.13,Revenue,Support,Sample transaction 286
2024-06-03 11:51:48.221859,27140.86,Expense,Support,Sample transaction 287
2024-06-01 11:51:48.221864,43660.0,Expense,IT,Sample transaction 288
2025-04-15 11:51:48.221869,36638.02,Expense,Marketing,Sample transaction 289
2024-11-16 11:51:48.221874,40347.4,Expense,Sales,Sample transaction 290
2024-12-13 11:51:48.221879,32973.29,Expense,Support,Sample transaction 291
2025-04-07 11:51:48.221884,34644.6,Revenue,Marketing,Sample transaction 292
2024-03-05 11:51:48.221889,42474.86,Revenue,Support,Sample transaction 293
2024-04-11 11:51:48.221894,12558.43,Expense,Support,Sample transaction 294
2025-04-20 11:51:48.221899,24522.31,Expense,Sales,Sample transaction 295
2025-02-25 11:51:48.221904,11138.35,Revenue,Sales,Sample transaction 296
2024-08-24 11:51:48.221909,49384.63,Expense,Support,Sample transaction 297
2023-08-22 11:51:48.221914,47208.56,Expense,Finance,Sample transaction 298
2025-02-15 11:51:48.221919,2067.4,Expense,Support,Sample transaction 299
2023-08-08 11:51:48.221924,35308.2,Revenue,Support,Sample transaction 300
2023-09-16 11:51:48.221929,46269.89,Revenue,IT,Sample transaction 301
2025-02-17 11:51:48.221934,9110.71,Expense,IT,Sample transaction 302
2023-12-26 11:51:48.221939,28440.47,Expense,IT,Sample transaction 303
2024-06-25 11:51:48.221944,45782.87,Revenue,Finance,Sample transaction 304
2024-10-24 11:51:48.221949,1793.9,Revenue,Finance,Sample transaction 305
2024-03-11 11:51:48.221954,34901.27,Expense,Support,Sample transaction 306
2024-07-01 11:51:48.221959,14937.72,Expense,IT,Sample transaction 307
2025-03-15 11:51:48.221964,46227.37,Revenue,Finance,Sample transaction 308
2025-01-14 11:51:48.221969,48555.81,Revenue,Sales,Sample transaction 309
2024-06-22 11:51:48.221974,47218.9,Revenue,Support,Sample transaction 310
2023-10-27 11:51:48.221979,23763.29,Expense,Marketing,Sample transaction 311
2025-06-25 11:51:48.221984,43115.93,Revenue,Support,Sample transaction 312
2023-09-09 11:51:48.221989,42243.01,Expense,Marketing,Sample transaction 313
2024-04-24 11:51:48.221994,16023.11,Revenue,IT,Sample transaction 314
2024-04-14 11:51:48.221999,41462.88,Revenue,Marketing,Sample transaction 315
2024-07-18 11:51:48.222004,1946.68,Revenue,IT,Sample transaction 316
2025-07-06 11:51:48.222010,29853.87,Revenue,Sales,Sample transaction 317
2023-09-27 11:51:48.222015,11577.44,Expense,Marketing,Sample transaction 318
2025-06-20 11:51:48.222020,6116.29,Expense,Support,Sample transaction 319
2024-12-10 11:51:48.222025,3939.96,Revenue,IT,Sample transaction 320
2024-07-28 11:51:48.222029,34844.81,Expense,Support,Sample transaction 321
2024-01-12 11:51:48.222034,17059.76,Revenue,Finance,Sample transaction 322
2024-05-16 11:51:48.222039,36265.86,Revenue,IT,Sample transaction 323
2024-10-18 11:51:48.222045,3361.28,Revenue,Marketing,Sample transaction 324
2025-07-01 11:51:48.222050,15832.99,Revenue,IT,Sample transaction 325
2024-12-14 11:51:48.222055,27020.62,Expense,Support,Sample transaction 326
2024-10-24 11:51:48.222060,39557.09,Revenue,Sales,Sample transaction 327
2023-11-27 11:51:48.222065,16005.75,Revenue,IT,Sample transaction 328
2024-10-17 11:51:48.222070,31331.98,Expense,Marketing,Sample transaction 329
2024-04-03 11:51:48.222075,44310.29,Revenue,Finance,Sample transaction 330
2024-05-01 11:51:48.222080,30831.57,Revenue,Sales,Sample transaction 331
2023-10-08 11:51:48.222085,11724.68,Revenue,Finance,Sample transaction 332
2024-02-28 11:51:48.222090,1317.6,Expense,IT,Sample transaction 333
2024-01-28 11:51:48.222095,43517.93,Revenue,Support,Sample transaction 334
2025-01-17 11:51:48.222100,1161.34,Expense,Support,Sample transaction 335
2025-06-09 11:51:48.222105,43747.61,Revenue,Marketing,Sample transaction 336
2024-03-03 11:51:48.222110,26493.96,Revenue,Support,Sample transaction 337
2025-07-11 11:51:48.222115,46959.48,Expense,Sales,Sample transaction 338
2025-02-06 11:51:48.222120,39959.28,Revenue,Support,Sample transaction 339
2024-12-20 11:51:48.222125,49896.91,Revenue,Marketing,Sample transaction 340
2025-02-20 11:51:48.222130,17600.52,Expense,IT,Sample transaction 341
2024-04-07 11:51:48.222135,38382.7,Expense,IT,Sample transaction 342
2025-06-12 11:51:48.222140,20156.35,Expense,Support,Sample transaction 343
2024-07-20 11:51:48.222145,24045.79,Expense,Finance,Sample transaction 344
2024-02-26 11:51:48.222150,31412.52,Expense,IT,Sample transaction 345
2025-04-20 11:51:48.222155,43696.49,Revenue,Support,Sample transaction 346
2025-06-21 11:51:48.222160,49205.77,Expense,Marketing,Sample transaction 347
2024-10-21 11:51:48.222165,38436.84,Revenue,Support,Sample transaction 348
2024-08-13 11:51:48.222170,20946.56,Revenue,IT,Sample transaction 349
2024-03-18 11:51:48.222175,21125.71,Revenue,Marketing,Sample transaction 350
2024-09-29 11:51:48.222180,36905.36,Expense,Support,Sample transaction 351
2025-01-28 11:51:48.222185,12014.98,Expense,Sales,Sample transaction 352
2023-11-29 11:51:48.222191,5612.66,Revenue,Marketing,Sample transaction 353
2025-04-20 11:51:48.222196,17795.65,Expense,Sales,Sample transaction 354
2023-08-28 11:51:48.222201,14433.23,Expense,Finance,Sample transaction 355
2025-04-03 11:51:48.222206,14885.78,Expense,Marketing,Sample transaction 356
2025-01-18 11:51:48.222211,11757.03,Expense,Sales,Sample transaction 357
2024-11-17 11:51:48.222216,2200.45,Revenue,IT,Sample transaction 358
2025-02-17 11:51:48.222221,991.91,Revenue,IT,Sample transaction 359
2024-11-14 11:51:48.222226,49387.35,Expense,Finance,Sample transaction 360
2024-09-08 11:51:48.222231,21445.88,Revenue,Marketing,Sample transaction 361
2025-03-22 11:51:48.222239,19277.9,Expense,Marketing,Sample transaction 362
2025-07-10 11:51:48.222244,34014.4,Expense,Marketing,Sample transaction 363
2024-01-09 11:51:48.222249,10990.87,Revenue,Finance,Sample transaction 364
2024-01-05 11:51:48.222254,47503.06,Revenue,Marketing,Sample transaction 365
2024-09-08 11:51:48.222259,39338.62,Revenue,IT,Sample transaction 366
2023-09-11 11:51:48.222265,4561.61,Expense,Sales,Sample transaction 367
2023-11-10 11:51:48.222270,20937.28,Revenue,IT,Sample transaction 368
2024-10-13 11:51:48.222275,43968.0,Expense,IT,Sample transaction 369
2023-10-04 11:51:48.222280,47242.13,Revenue,Sales,Sample transaction 370
2023-10-28 11:51:48.222285,23423.34,Revenue,IT,Sample transaction 371
2025-02-23 11:51:48.222290,30709.23,Expense,Finance,Sample transaction 372
2024-03-25 11:51:48.222295,8434.99,Expense,Sales,Sample transaction 373
2024-07-07 11:51:48.222300,49559.31,Expense,IT,Sample transaction 374
2025-04-15 11:51:48.222305,11660.42,Expense,Support,Sample transaction 375
2024-06-30 11:51:48.222310,47142.32,Expense,IT,Sample transaction 376
2024-11-24 11:51:48.222315,32517.37,Expense,Finance,Sample transaction 377
2025-02-02 11:51:48.222320,30426.07,Expense,Marketing,Sample transaction 378
2025-06-19 11:51:48.222325,25683.16,Expense,IT,Sample transaction 379
2024-04-07 11:51:48.222330,11610.42,Revenue,Marketing,Sample transaction 380
2023-09-15 11:51:48.222335,8908.75,Expense,Support,Sample transaction 381
2024-02-06 11:51:48.222340,11102.26,Expense,IT,Sample transaction 382
2024-06-15 11:51:48.222345,9403.27,Revenue,Sales,Sample transaction 383
2024-02-19 11:51:48.222350,39001.27,Expense,Marketing,Sample transaction 384
2024-03-09 11:51:48.222355,17571.25,Revenue,Support,Sample transaction 385
2025-06-22 11:51:48.222360,2986.35,Revenue,Sales,Sample transaction 386
2023-09-12 11:51:48.222365,48458.22,Expense,Sales,Sample transaction 387
2025-07-08 11:51:48.222370,44200.92,Revenue,Sales,Sample transaction 388
2024-09-10 11:51:48.222375,46394.84,Expense,Sales,Sample transaction 389
2024-03-03 11:51:48.222380,49745.9,Revenue,IT,Sample transaction 390
2024-06-23 11:51:48.222385,8777.37,Revenue,IT,Sample transaction 391
2023-10-13 11:51:48.222390,19872.48,Revenue,IT,Sample transaction 392
2024-04-13 11:51:48.222395,37936.1,Expense,Support,Sample transaction 393
2025-03-07 11:51:48.222400,34831.43,Expense,Support,Sample transaction 394
2025-04-27 11:51:48.222405,7779.41,Revenue,Support,Sample transaction 395
2024-08-08 11:51:48.222410,40810.07,Revenue,Finance,Sample transaction 396
2023-08-01 11:51:48.222415,11299.58,Expense,Support,Sample transaction 397
2025-06-07 11:51:48.222421,11268.5,Expense,IT,Sample transaction 398
2023-10-02 11:51:48.222426,26895.02,Revenue,IT,Sample transaction 399
2023-08-30 11:51:48.222431,29687.7,Revenue,Finance,Sample transaction 400
2023-12-31 11:51:48.222436,29046.3,Expense,Finance,Sample transaction 401
2025-01-19 11:51:48.222441,4665.19,Expense,Support,Sample transaction 402
2025-03-25 11:51:48.222446,43885.3,Expense,Marketing,Sample transaction 403
2025-02-28 11:51:48.222451,13353.44,Expense,Finance,Sample transaction 404
2024-09-17 11:51:48.222456,6562.79,Expense,Sales,Sample transaction 405
2024-01-05 11:51:48.222461,44448.53,Revenue,IT,Sample transaction 406
2024-08-20 11:51:48.222466,47787.01,Expense,Sales,Sample transaction 407
2024-09-26 11:51:48.222471,43120.17,Revenue,IT,Sample transaction 408
2023-09-05 11:51:48.222476,40494.85,Expense,IT,Sample transaction 409
2023-09-15 11:51:48.222481,32796.57,Revenue,Finance,Sample transaction 410
2025-06-04 11:51:48.222486,27587.78,Expense,Finance,Sample transaction 411
2024-05-10 11:51:48.222491,4440.64,Expense,Sales,Sample transaction 412
2023-11-23 11:51:48.222496,20481.82,Revenue,IT,Sample transaction 413
2024-11-06 11:51:48.222501,18697.16,Revenue,Sales,Sample transaction 414
2025-06-05 11:51:48.222506,13061.71,Expense,Marketing,Sample transaction 415
2024-01-03 11:51:48.222511,36198.66,Expense,Sales,Sample transaction 416
2023-11-16 11:51:48.222516,24844.2,Expense,Support,Sample transaction 417
2025-07-23 11:51:48.222521,4144.21,Expense,Sales,Sample transaction 418
2025-04-16 11:51:48.222526,11087.14,Expense,Support,Sample transaction 419
2025-01-13 11:51:48.222531,34194.61,Revenue,Support,Sample transaction 420
2024-08-12 11:51:48.222536,3898.93,Revenue,Support,Sample transaction 421
2025-06-11 11:51:48.222541,42575.23,Expense,Marketing,Sample transaction 422
2023-10-11 11:51:48.222546,24807.81,Revenue,Sales,Sample transaction 423
2024-11-01 11:51:48.222551,24081.27,Revenue,Sales,Sample transaction 424
2024-07-23 11:51:48.222556,29661.15,Revenue,Marketing,Sample transaction 425
2023-10-31 11:51:48.222561,41251.58,Expense,IT,Sample transaction 426
2025-04-13 11:51:48.222566,17455.68,Revenue,Finance,Sample transaction 427
2023-09-27 11:51:48.222571,33933.01,Expense,Sales,Sample transaction 428
2023-10-08 11:51:48.222576,28330.03,Revenue,Finance,Sample transaction 429
2023-10-10 11:51:48.222581,13424.71,Expense,Marketing,Sample transaction 430
2025-03-30 11:51:48.222586,43943.64,Revenue,IT,Sample transaction 431
2023-12-02 11:51:48.222591,39891.56,Expense,IT,Sample transaction 432
2025-05-31 11:51:48.222596,32956.75,Expense,IT,Sample transaction 433
2024-08-16 11:51:48.222608,42544.03,Revenue,Marketing,Sample transaction 434
2024-04-10 11:51:48.222613,43377.98,Expense,Support,Sample transaction 435
2025-04-02 11:51:48.222619,35447.31,Expense,Support,Sample transaction 436
2025-03-23 11:51:48.222624,41866.97,Expense,Finance,Sample transaction 437
2024-06-30 11:51:48.222629,34903.83,Expense,Support,Sample transaction 438
2023-10-26 11:51:48.222634,34039.02,Expense,Support,Sample transaction 439
2025-05-31 11:51:48.222639,30968.71,Expense,IT,Sample transaction 440
2023-11-02 11:51:48.222644,37660.56,Expense,IT,Sample transaction 441
2024-03-02 11:51:48.222649,8014.39,Expense,Finance,Sample transaction 442
2025-04-23 11:51:48.222654,44055.45,Revenue,Sales,Sample transaction 443
2023-10-29 11:51:48.222659,43604.99,Revenue,Finance,Sample transaction 444
2025-04-01 11:51:48.222663,1559.44,Expense,Finance,Sample transaction 445
2024-01-15 11:51:48.222668,41308.26,Expense,Marketing,Sample transaction 446
2023-12-05 11:51:48.222677,6530.61,Revenue,Marketing,Sample transaction 447
2024-03-27 11:51:48.222682,16822.43,Revenue,Finance,Sample transaction 448
2024-12-03 11:51:48.222687,37201.06,Revenue,Finance,Sample transaction 449
2024-10-29 11:51:48.222692,8121.92,Expense,Finance,Sample transaction 450
2025-01-20 11:51:48.222697,40916.55,Revenue,Support,Sample transaction 451
2023-08-24 11:51:48.222702,41623.5,Expense,Marketing,Sample transaction 452
2024-05-07 11:51:48.222707,25422.64,Expense,Finance,Sample transaction 453
2023-12-25 11:51:48.222713,418.65,Revenue,IT,Sample transaction 454
2024-11-23 11:51:48.222718,14423.2,Expense,IT,Sample transaction 455
2025-05-13 11:51:48.222723,30884.65,Expense,Support,Sample transaction 456
2025-02-24 11:51:48.222728,49061.19,Expense,Support,Sample transaction 457
2023-10-11 11:51:48.222733,31627.49,Expense,Sales,Sample transaction 458
2024-05-19 11:51:48.222738,13064.2,Revenue,Sales,Sample transaction 459
2025-05-03 11:51:48.222743,31736.88,Revenue,Sales,Sample transaction 460
2023-08-31 11:51:48.222748,27045.27,Expense,Support,Sample transaction 461
2024-10-16 11:51:48.222753,39014.29,Expense,Support,Sample transaction 462
2024-12-20 11:51:48.222758,5438.33,Revenue,Support,Sample transaction 463
2025-05-20 11:51:48.222763,38075.29,Expense,IT,Sample transaction 464
2025-06-11 11:51:48.222768,27109.2,Revenue,Support,Sample transaction 465
2025-04-25 11:51:48.222773,48153.3,Expense,IT,Sample transaction 466
2024-05-01 11:51:48.222778,17159.42,Expense,Sales,Sample transaction 467
2025-01-05 11:51:48.222783,31667.83,Revenue,Sales,Sample transaction 468
2024-12-22 11:51:48.222788,46608.2,Revenue,Sales,Sample transaction 469
2024-04-10 11:51:48.222793,5215.24,Revenue,Finance,Sample transaction 470
2024-05-22 11:51:48.222798,46867.7,Revenue,Finance,Sample transaction 471
2024-08-21 11:51:48.222803,34425.5,Expense,Marketing,Sample transaction 472
2024-01-24 11:51:48.222808,3485.07,Revenue,Marketing,Sample transaction 473
2023-11-24 11:51:48.222813,15118.08,Expense,Marketing,Sample transaction 474
2024-10-12 11:51:48.222818,35437.79,Revenue,Finance,Sample transaction 475
2024-11-16 11:51:48.222823,3460.8,Revenue,Finance,Sample transaction 476
2024-08-05 11:51:48.222828,29150.31,Expense,Marketing,Sample transaction 477
2025-07-05 11:51:48.222833,17359.56,Revenue,Marketing,Sample transaction 478
2024-02-22 11:51:48.222838,31083.68,Revenue,Support,Sample transaction 479
2025-04-19 11:51:48.222843,2382.53,Revenue,Marketing,Sample transaction 480
2025-01-29 11:51:48.222849,43589.69,Revenue,Support,Sample transaction 481
2024-12-17 11:51:48.222854,48677.1,Expense,IT,Sample transaction 482
2023-10-08 11:51:48.222858,48447.0,Expense,Finance,Sample transaction 483
2024-05-12 11:51:48.222864,37507.63,Revenue,Marketing,Sample transaction 484
2023-11-28 11:51:48.222869,6591.3,Revenue,Finance,Sample transaction 485
2024-09-06 11:51:48.222874,37937.33,Revenue,Finance,Sample transaction 486
2024-02-28 11:51:48.222879,1326.89,Expense,Finance,Sample transaction 487
2025-07-12 11:51:48.222884,1203.97,Expense,IT,Sample transaction 488
2024-08-26 11:51:48.222889,16248.15,Expense,Sales,Sample transaction 489
2024-11-12 11:51:48.222894,24483.3,Expense,Marketing,Sample transaction 490
2024-03-18 11:51:48.222899,38543.33,Revenue,Sales,Sample transaction 491
2025-02-18 11:51:48.222904,34196.44,Revenue,Sales,Sample transaction 492
2024-04-09 11:51:48.222909,22350.55,Revenue,Sales,Sample transaction 493
2023-10-03 11:51:48.222914,13753.97,Expense,Finance,Sample transaction 494
2023-09-07 11:51:48.222919,49856.51,Revenue,Support,Sample transaction 495
2023-09-22 11:51:48.222924,21366.45,Expense,Finance,Sample transaction 496
2024-07-13 11:51:48.222929,22624.21,Expense,Finance,Sample transaction 497
2024-01-30 11:51:48.222934,8264.83,Revenue,Sales,Sample transaction 498
2023-09-06 11:51:48.222939,39761.0,Revenue,Finance,Sample transaction 499
2024-05-27 11:51:48.222944,34714.74,Revenue,Sales,Sample transaction 500
2023-11-23 11:51:48.222949,11116.4,Expense,Support,Sample transaction 501
2024-11-02 11:51:48.222955,4210.81,Expense,Marketing,Sample transaction 502
2023-12-29 11:51:48.222960,34056.92,Revenue,Sales,Sample transaction 503
2024-06-06 11:51:48.222965,32760.11,Revenue,Support,Sample transaction 504
2025-02-10 11:51:48.222970,13735.65,Expense,Marketing,Sample transaction 505
2025-06-15 11:51:48.222975,47548.09,Revenue,IT,Sample transaction 506
2024-01-19 11:51:48.222980,7637.79,Expense,Sales,Sample transaction 507
2024-10-16 11:51:48.222985,21673.51,Expense,Sales,Sample transaction 508
2024-06-26 11:51:48.222990,47186.43,Revenue,IT,Sample transaction 509
2025-07-16 11:51:48.222995,21044.39,Revenue,IT,Sample transaction 510
2023-11-29 11:51:48.223000,31962.44,Revenue,Sales,Sample transaction 511
2024-09-29 11:51:48.223005,19939.96,Revenue,IT,Sample transaction 512
2024-11-17 11:51:48.223010,13783.34,Expense,Finance,Sample transaction 513
2024-03-16 11:51:48.223015,49200.48,Expense,Marketing,Sample transaction 514
2025-06-23 11:51:48.223020,20525.77,Expense,Marketing,Sample transaction 515
2023-08-01 11:51:48.223025,44715.55,Revenue,Marketing,Sample transaction 516
2025-04-29 11:51:48.223030,11574.73,Expense,Finance,Sample transaction 517
2023-12-01 11:51:48.223035,10733.92,Revenue,IT,Sample transaction 518
2023-12-04 11:51:48.223040,1653.59,Revenue,Support,Sample transaction 519
2024-06-05 11:51:48.223045,32618.17,Revenue,IT,Sample transaction 520
2025-04-04 11:51:48.223051,18489.46,Revenue,Sales,Sample transaction 521
2023-11-19 11:51:48.223056,43231.48,Revenue,Marketing,Sample transaction 522
2025-01-13 11:51:48.223061,23713.17,Revenue,IT,Sample transaction 523
2024-03-14 11:51:48.223066,48412.85,Expense,Support,Sample transaction 524
2023-11-10 11:51:48.223071,9357.72,Revenue,Sales,Sample transaction 525
2024-03-22 11:51:48.223076,43444.3,Expense,Finance,Sample transaction 526
2025-05-14 11:51:48.223081,38852.18,Expense,Finance,Sample transaction 527
2024-06-10 11:51:48.223086,38569.0,Revenue,Support,Sample transaction 528
2024-07-17 11:51:48.223091,42254.68,Revenue,Sales,Sample transaction 529
2024-06-03 11:51:48.223096,38075.1,Revenue,Marketing,Sample transaction 530
2023-07-30 11:51:48.223101,31348.39,Expense,IT,Sample transaction 531
2024-10-24 11:51:48.223106,6649.12,Revenue,Sales,Sample transaction 532
2023-09-21 11:51:48.223115,1723.06,Expense,Finance,Sample transaction 533
2024-06-29 11:51:48.223121,46050.31,Revenue,Support,Sample transaction 534
2024-04-27 11:51:48.223126,30870.85,Revenue,Support,Sample transaction 535
2025-01-17 11:51:48.223131,39847.21,Expense,IT,Sample transaction 536
2023-09-08 11:51:48.223136,24127.97,Expense,Support,Sample transaction 537
2025-04-20 11:51:48.223141,5953.68,Revenue,Support,Sample transaction 538
2024-01-27 11:51:48.223146,6346.77,Expense,Sales,Sample transaction 539
2025-04-23 11:51:48.223151,34309.71,Expense,Marketing,Sample transaction 540
2023-10-03 11:51:48.223156,21572.26,Expense,IT,Sample transaction 541
2023-10-04 11:51:48.223161,10106.18,Expense,Sales,Sample transaction 542
2025-01-19 11:51:48.223166,24630.57,Expense,Marketing,Sample transaction 543
2025-06-21 11:51:48.223171,3304.03,Revenue,Sales,Sample transaction 544
2024-07-24 11:51:48.223176,29140.37,Revenue,Sales,Sample transaction 545
2023-09-02 11:51:48.223181,13522.77,Expense,Support,Sample transaction 546
2024-02-19 11:51:48.223186,39898.2,Revenue,Marketing,Sample transaction 547
2024-10-22 11:51:48.223191,15587.06,Revenue,IT,Sample transaction 548
2024-12-23 11:51:48.223197,22815.49,Expense,IT,Sample transaction 549
2024-10-28 11:51:48.223202,679.86,Revenue,Marketing,Sample transaction 550
2025-05-27 11:51:48.223207,3715.1,Expense,Support,Sample transaction 551
2023-12-10 11:51:48.223212,19685.43,Expense,Finance,Sample transaction 552
2023-07-30 11:51:48.223217,24048.95,Revenue,Sales,Sample transaction 553
2024-08-20 11:51:48.223222,30041.03,Expense,Support,Sample transaction 554
2024-06-26 11:51:48.223227,14653.96,Expense,Marketing,Sample transaction 555
2023-08-29 11:51:48.223232,34779.6,Expense,Sales,Sample transaction 556
2025-07-09 11:51:48.223237,43020.11,Expense,IT,Sample transaction 557
2025-02-01 11:51:48.223242,39014.56,Expense,Finance,Sample transaction 558
2023-11-24 11:51:48.223247,2076.98,Revenue,IT,Sample transaction 559
2024-06-27 11:51:48.223252,24077.3,Revenue,Marketing,Sample transaction 560
2024-05-09 11:51:48.223257,5336.02,Expense,Sales,Sample transaction 561
2024-12-07 11:51:48.223262,12178.05,Expense,Marketing,Sample transaction 562
2025-05-13 11:51:48.223267,49334.46,Revenue,Sales,Sample transaction 563
2024-11-05 11:51:48.223272,7210.53,Expense,Support,Sample transaction 564
2024-04-29 11:51:48.223277,24994.52,Revenue,Finance,Sample transaction 565
2023-08-10 11:51:48.223282,30945.97,Expense,Support,Sample transaction 566
2024-07-09 11:51:48.223287,35153.0,Expense,Support,Sample transaction 567
2024-01-11 11:51:48.223292,28026.47,Expense,Marketing,Sample transaction 568
2024-03-09 11:51:48.223297,587.57,Expense,Finance,Sample transaction 569
2024-07-26 11:51:48.223302,16390.42,Expense,Sales,Sample transaction 570
2025-03-06 11:51:48.223307,25933.81,Expense,Sales,Sample transaction 571
2025-05-20 11:51:48.223312,4484.54,Expense,IT,Sample transaction 572
2025-04-20 11:51:48.223317,17596.28,Revenue,Sales,Sample transaction 573
2024-06-27 11:51:48.223322,1756.84,Revenue,Marketing,Sample transaction 574
2025-07-03 11:51:48.223327,4021.07,Revenue,Support,Sample transaction 575
2024-04-15 11:51:48.223332,19906.47,Expense,Support,Sample transaction 576
2024-03-31 11:51:48.223337,6722.52,Expense,Support,Sample transaction 577
2024-01-10 11:51:48.223342,28420.29,Expense,Finance,Sample transaction 578
2025-02-27 11:51:48.223347,34504.3,Expense,Sales,Sample transaction 579
2025-03-06 11:51:48.223352,40049.28,Expense,Marketing,Sample transaction 580
2024-01-06 11:51:48.223357,10087.5,Expense,Finance,Sample transaction 581
2025-06-19 11:51:48.223363,8457.38,Expense,IT,Sample transaction 582
2025-04-10 11:51:48.223367,5317.94,Revenue,Marketing,Sample transaction 583
2023-09-04 11:51:48.223372,31857.87,Expense,Marketing,Sample transaction 584
2025-06-16 11:51:48.223378,35353.14,Revenue,Marketing,Sample transaction 585
2025-01-23 11:51:48.223382,1676.15,Revenue,Support,Sample transaction 586
2024-06-25 11:51:48.223387,46816.99,Expense,Marketing,Sample transaction 587
2024-12-17 11:51:48.223393,2693.37,Expense,Sales,Sample transaction 588
2023-11-02 11:51:48.223398,27110.69,Revenue,Marketing,Sample transaction 589
2025-03-17 11:51:48.223403,35482.12,Revenue,Support,Sample transaction 590
2025-02-15 11:51:48.223408,43561.36,Expense,Marketing,Sample transaction 591
2024-12-25 11:51:48.223413,35732.94,Expense,IT,Sample transaction 592
2024-12-05 11:51:48.223418,40106.23,Revenue,IT,Sample transaction 593
2023-10-09 11:51:48.223423,17038.56,Expense,Support,Sample transaction 594
2023-12-18 11:51:48.223428,40759.77,Expense,Sales,Sample transaction 595
2025-07-19 11:51:48.223433,4097.73,Expense,Sales,Sample transaction 596
2025-05-15 11:51:48.223438,44751.35,Revenue,Finance,Sample transaction 597
2024-03-23 11:51:48.223443,27424.86,Revenue,Support,Sample transaction 598
2024-11-17 11:51:48.223448,40883.16,Revenue,Marketing,Sample transaction 599
2024-12-10 11:51:48.223453,22670.68,Expense,Support,Sample transaction 600
2024-02-25 11:51:48.223458,32214.53,Expense,Finance,Sample transaction 601
2025-02-04 11:51:48.223463,26367.49,Revenue,Support,Sample transaction 602
2023-10-14 11:51:48.223468,36606.32,Revenue,Support,Sample transaction 603
2025-02-10 11:51:48.223473,4173.34,Revenue,Finance,Sample transaction 604
2025-02-08 11:51:48.223478,3111.57,Expense,Sales,Sample transaction 605
2024-06-30 11:51:48.223483,12430.45,Revenue,Marketing,Sample transaction 606
2023-11-02 11:51:48.223488,8061.28,Revenue,Finance,Sample transaction 607
2025-01-15 11:51:48.223493,43602.0,Expense,IT,Sample transaction 608
2024-02-27 11:51:48.223498,11038.78,Expense,Sales,Sample transaction 609
2025-06-29 11:51:48.223504,48795.68,Expense,IT,Sample transaction 610
2025-02-13 11:51:48.223509,16911.1,Revenue,Sales,Sample transaction 611
2024-06-01 11:51:48.223514,9187.68,Expense,Marketing,Sample transaction 612
2024-08-23 11:51:48.223519,39505.96,Expense,Marketing,Sample transaction 613
2023-10-19 11:51:48.223524,32969.52,Revenue,Support,Sample transaction 614
2024-03-19 11:51:48.223529,24959.97,Expense,IT,Sample transaction 615
2024-07-28 11:51:48.223534,27812.64,Revenue,Sales,Sample transaction 616
2024-08-20 11:51:48.223543,35988.17,Revenue,Marketing,Sample transaction 617
2024-03-15 11:51:48.223548,11499.89,Expense,Finance,Sample transaction 618
2023-10-10 11:51:48.223553,49817.06,Expense,Marketing,Sample transaction 619
2024-03-04 11:51:48.223558,48742.18,Expense,Finance,Sample transaction 620
2024-09-04 11:51:48.223563,32551.25,Expense,Sales,Sample transaction 621
2024-12-23 11:51:48.223568,10057.17,Expense,Marketing,Sample transaction 622
2024-09-30 11:51:48.223573,34043.39,Expense,Marketing,Sample transaction 623
2025-03-18 11:51:48.223578,3702.7,Revenue,Sales,Sample transaction 624
2025-05-19 11:51:48.223583,1629.56,Revenue,Marketing,Sample transaction 625
2024-11-18 11:51:48.223588,12958.38,Expense,Finance,Sample transaction 626
2024-06-08 11:51:48.223593,23184.89,Revenue,Marketing,Sample transaction 627
2024-05-09 11:51:48.223605,43426.8,Expense,IT,Sample transaction 628
2025-01-27 11:51:48.223610,36385.74,Revenue,Support,Sample transaction 629
2025-02-11 11:51:48.223615,37161.06,Revenue,Finance,Sample transaction 630
2025-04-28 11:51:48.223620,21332.12,Revenue,IT,Sample transaction 631
2023-08-14 11:51:48.223625,17362.16,Expense,Sales,Sample transaction 632
2024-02-13 11:51:48.223631,18614.83,Revenue,Finance,Sample transaction 633
2025-06-19 11:51:48.223636,49383.71,Expense,Support,Sample transaction 634
2025-03-24 11:51:48.223641,2101.45,Revenue,Support,Sample transaction 635
2024-05-03 11:51:48.223646,43364.87,Revenue,Sales,Sample transaction 636
2025-02-05 11:51:48.223651,28975.9,Revenue,Sales,Sample transaction 637
2023-10-14 11:51:48.223656,21986.91,Revenue,Finance,Sample transaction 638
2024-12-20 11:51:48.223661,36290.36,Revenue,Marketing,Sample transaction 639
2023-10-29 11:51:48.223666,24384.78,Expense,Sales,Sample transaction 640
2025-05-31 11:51:48.223671,43683.82,Expense,Marketing,Sample transaction 641
2023-10-07 11:51:48.223676,45045.02,Revenue,IT,Sample transaction 642
2024-04-08 11:51:48.223681,21143.87,Revenue,Support,Sample transaction 643
2024-04-28 11:51:48.223686,13913.71,Revenue,Marketing,Sample transaction 644
2024-08-01 11:51:48.223691,29658.28,Revenue,Support,Sample transaction 645
2025-07-27 11:51:48.223696,45626.93,Expense,Marketing,Sample transaction 646
2024-07-06 11:51:48.223701,10612.04,Revenue,IT,Sample transaction 647
2024-08-14 11:51:48.223706,31186.03,Expense,Sales,Sample transaction 648
2025-01-19 11:51:48.223711,31614.85,Revenue,IT,Sample transaction 649
2024-03-10 11:51:48.223716,36682.34,Expense,Sales,Sample transaction 650
2025-01-18 11:51:48.223721,6665.23,Revenue,Sales,Sample transaction 651
2024-03-07 11:51:48.223726,35819.67,Revenue,Support,Sample transaction 652
2024-07-24 11:51:48.223731,45460.72,Expense,IT,Sample transaction 653
2024-06-14 11:51:48.223736,9066.19,Revenue,Marketing,Sample transaction 654
2025-04-02 11:51:48.223741,11953.41,Revenue,IT,Sample transaction 655
2025-03-16 11:51:48.223746,48572.62,Revenue,Support,Sample transaction 656
2025-05-31 11:51:48.223751,9130.75,Expense,Sales,Sample transaction 657
2024-01-19 11:51:48.223756,42733.82,Revenue,Support,Sample transaction 658
2023-09-12 11:51:48.223762,24664.67,Revenue,Finance,Sample transaction 659
2023-09-25 11:51:48.223767,12436.83,Expense,Finance,Sample transaction 660
2025-02-05 11:51:48.223772,43550.42,Expense,Marketing,Sample transaction 661
2025-03-01 11:51:48.223777,22320.73,Expense,Support,Sample transaction 662
2025-05-09 11:51:48.223782,25789.39,Revenue,Marketing,Sample transaction 663
2024-12-27 11:51:48.223787,18025.75,Revenue,Marketing,Sample transaction 664
2025-01-06 11:51:48.223792,29688.25,Revenue,Finance,Sample transaction 665
2024-12-11 11:51:48.223797,8259.84,Expense,Marketing,Sample transaction 666
2023-09-21 11:51:48.223802,19614.97,Revenue,Finance,Sample transaction 667
2024-12-13 11:51:48.223807,48473.67,Revenue,Sales,Sample transaction 668
2023-10-08 11:51:48.223812,12980.86,Expense,Support,Sample transaction 669
2024-02-12 11:51:48.223817,32871.16,Expense,Marketing,Sample transaction 670
2024-05-13 11:51:48.223822,16326.98,Expense,Finance,Sample transaction 671
2024-06-21 11:51:48.223827,38696.31,Expense,IT,Sample transaction 672
2025-06-11 11:51:48.223832,6630.6,Expense,Marketing,Sample transaction 673
2024-12-07 11:51:48.223837,48494.07,Revenue,Sales,Sample transaction 674
2024-09-26 11:51:48.223842,22744.1,Expense,Sales,Sample transaction 675
2024-02-18 11:51:48.223847,11878.92,Revenue,IT,Sample transaction 676
2025-03-07 11:51:48.223852,3767.49,Revenue,Finance,Sample transaction 677
2024-06-08 11:51:48.223857,8570.92,Expense,Marketing,Sample transaction 678
2024-03-02 11:51:48.223862,26036.72,Expense,Finance,Sample transaction 679
2024-07-20 11:51:48.223867,16916.46,Expense,Sales,Sample transaction 680
2024-01-09 11:51:48.223872,41461.28,Revenue,Finance,Sample transaction 681
2024-11-11 11:51:48.223878,21601.29,Expense,Sales,Sample transaction 682
2023-10-11 11:51:48.223883,12510.84,Expense,Finance,Sample transaction 683
2024-04-13 11:51:48.223888,30895.53,Expense,IT,Sample transaction 684
2025-07-16 11:51:48.223893,35368.18,Expense,Support,Sample transaction 685
2024-09-01 11:51:48.223898,8435.39,Expense,IT,Sample transaction 686
2024-08-04 11:51:48.223903,8464.2,Revenue,IT,Sample transaction 687
2024-06-15 11:51:48.223908,1929.9,Revenue,Support,Sample transaction 688
2023-09-29 11:51:48.223913,36846.46,Revenue,Support,Sample transaction 689
2024-07-20 11:51:48.223918,33223.85,Expense,Marketing,Sample transaction 690
2025-07-20 11:51:48.223923,23784.08,Expense,Marketing,Sample transaction 691
2025-03-28 11:51:48.223928,42224.11,Expense,IT,Sample transaction 692
2024-08-14 11:51:48.223933,40302.94,Revenue,IT,Sample transaction 693
2023-09-21 11:51:48.223938,29309.18,Expense,Sales,Sample transaction 694
2025-04-29 11:51:48.223943,43426.74,Expense,Sales,Sample transaction 695
2023-10-19 11:51:48.223948,10371.48,Expense,Marketing,Sample transaction 696
2023-08-30 11:51:48.223953,5684.79,Revenue,Marketing,Sample transaction 697
2024-09-15 11:51:48.223958,13560.51,Expense,Sales,Sample transaction 698
2025-01-31 11:51:48.223963,2948.63,Revenue,Sales,Sample transaction 699
2024-02-04 11:51:48.223968,26605.36,Expense,Finance,Sample transaction 700
2025-06-17 11:51:48.223973,46836.62,Revenue,Finance,Sample transaction 701
2023-08-24 11:51:48.223981,2063.24,Revenue,Sales,Sample transaction 702
2024-03-13 11:51:48.223987,6193.28,Revenue,Finance,Sample transaction 703
2025-03-05 11:51:48.223992,22664.73,Expense,Support,Sample transaction 704
2025-01-08 11:51:48.223997,46700.36,Expense,Marketing,Sample transaction 705
2023-08-04 11:51:48.224002,15876.19,Revenue,Marketing,Sample transaction 706
2024-04-23 11:51:48.224007,25411.02,Revenue,Sales,Sample transaction 707
2024-01-17 11:51:48.224012,2174.49,Expense,IT,Sample transaction 708
2024-01-28 11:51:48.224017,7502.33,Expense,Sales,Sample transaction 709
2024-11-17 11:51:48.224022,49332.84,Revenue,Finance,Sample transaction 710
2024-07-03 11:51:48.224027,48259.42,Expense,IT,Sample transaction 711
2023-12-12 11:51:48.224032,346.51,Expense,Finance,Sample transaction 712
2024-11-14 11:51:48.224037,47595.41,Expense,Support,Sample transaction 713
2023-08-19 11:51:48.224042,31992.08,Expense,Finance,Sample transaction 714
2024-05-04 11:51:48.224047,43409.12,Revenue,Support,Sample transaction 715
2025-07-18 11:51:48.224052,22791.52,Expense,Support,Sample transaction 716
2024-11-28 11:51:48.224057,25828.24,Expense,Finance,Sample transaction 717
2024-11-19 11:51:48.224062,24493.44,Revenue,Finance,Sample transaction 718
2025-07-23 11:51:48.224067,33376.53,Revenue,Support,Sample transaction 719
2025-03-31 11:51:48.224072,7068.6,Expense,IT,Sample transaction 720
2024-07-19 11:51:48.224077,1595.68,Expense,Support,Sample transaction 721
2025-05-24 11:51:48.224082,15465.7,Expense,Marketing,Sample transaction 722
2025-03-04 11:51:48.224087,35263.57,Expense,Support,Sample transaction 723
2024-12-16 11:51:48.224092,10172.49,Revenue,IT,Sample transaction 724
2024-12-01 11:51:48.224097,33704.28,Revenue,Marketing,Sample transaction 725
2025-02-01 11:51:48.224102,48498.61,Revenue,Sales,Sample transaction 726
2024-10-19 11:51:48.224107,4785.65,Expense,Sales,Sample transaction 727
2025-05-26 11:51:48.224112,33662.85,Expense,IT,Sample transaction 728
2024-12-23 11:51:48.224117,22243.14,Expense,Support,Sample transaction 729
2023-09-08 11:51:48.224122,43420.3,Expense,Finance,Sample transaction 730
2024-04-23 11:51:48.224127,8939.77,Revenue,IT,Sample transaction 731
2023-11-26 11:51:48.224132,34662.04,Revenue,Marketing,Sample transaction 732
2025-04-14 11:51:48.224138,41921.95,Expense,Marketing,Sample transaction 733
2025-04-20 11:51:48.224142,47236.25,Revenue,Sales,Sample transaction 734
2024-03-04 11:51:48.224147,34194.08,Expense,Marketing,Sample transaction 735
2024-07-08 11:51:48.224153,24909.02,Expense,IT,Sample transaction 736
2024-06-18 11:51:48.224158,30930.58,Revenue,Marketing,Sample transaction 737
2024-02-26 11:51:48.224163,43458.36,Expense,IT,Sample transaction 738
2024-04-08 11:51:48.224168,28573.43,Expense,Finance,Sample transaction 739
2023-08-19 11:51:48.224173,1616.31,Revenue,Sales,Sample transaction 740
2023-10-22 11:51:48.224178,46554.34,Expense,Marketing,Sample transaction 741
2024-05-17 11:51:48.224183,34507.38,Expense,IT,Sample transaction 742
2025-07-05 11:51:48.224188,33858.02,Revenue,Support,Sample transaction 743
2024-01-10 11:51:48.224193,10862.19,Expense,Sales,Sample transaction 744
2023-09-20 11:51:48.224198,32978.38,Revenue,Finance,Sample transaction 745
2023-08-14 11:51:48.224203,19753.83,Expense,IT,Sample transaction 746
2024-04-26 11:51:48.224208,32596.53,Revenue,Finance,Sample transaction 747
2025-05-06 11:51:48.224213,5418.99,Revenue,Finance,Sample transaction 748
2025-03-05 11:51:48.224218,32926.48,Revenue,Marketing,Sample transaction 749
2025-05-04 11:51:48.224223,49970.74,Expense,Marketing,Sample transaction 750
2025-05-11 11:51:48.224228,2505.78,Revenue,IT,Sample transaction 751
2024-04-27 11:51:48.224233,48860.99,Revenue,Support,Sample transaction 752
2025-07-27 11:51:48.224238,20404.71,Revenue,IT,Sample transaction 753
2025-06-07 11:51:48.224243,43550.6,Revenue,Support,Sample transaction 754
2023-09-12 11:51:48.224248,39141.04,Revenue,Finance,Sample transaction 755
2023-08-11 11:51:48.224253,28394.11,Expense,Sales,Sample transaction 756
2024-05-08 11:51:48.224258,36948.62,Expense,IT,Sample transaction 757
2024-05-05 11:51:48.224263,43937.93,Expense,IT,Sample transaction 758
2024-03-27 11:51:48.224268,20266.6,Expense,Support,Sample transaction 759
2025-06-24 11:51:48.224273,16418.95,Expense,Finance,Sample transaction 760
2024-08-14 11:51:48.224278,33412.91,Expense,Finance,Sample transaction 761
2025-04-24 11:51:48.224284,40411.51,Expense,Support,Sample transaction 762
2025-05-17 11:51:48.224289,38138.03,Revenue,Finance,Sample transaction 763
2024-01-24 11:51:48.224293,39910.9,Expense,Marketing,Sample transaction 764
2025-02-24 11:51:48.224299,21835.61,Revenue,Sales,Sample transaction 765
2024-11-20 11:51:48.224304,40909.93,Revenue,IT,Sample transaction 766
2023-09-23 11:51:48.224309,6098.43,Expense,Sales,Sample transaction 767
2024-05-16 11:51:48.224314,27270.01,Revenue,IT,Sample transaction 768
2025-04-01 11:51:48.224319,387.36,Revenue,Marketing,Sample transaction 769
2024-09-25 11:51:48.224324,16296.83,Revenue,Finance,Sample transaction 770
2024-11-02 11:51:48.224329,18386.43,Revenue,Support,Sample transaction 771
2025-06-04 11:51:48.224334,19869.02,Expense,Marketing,Sample transaction 772
2024-12-04 11:51:48.224339,34803.81,Expense,Sales,Sample transaction 773
2024-07-04 11:51:48.224344,19489.05,Expense,Support,Sample transaction 774
2024-06-22 11:51:48.224349,22489.81,Expense,Finance,Sample transaction 775
2023-11-12 11:51:48.224354,11953.45,Expense,Marketing,Sample transaction 776
2024-09-28 11:51:48.224359,18725.26,Expense,Support,Sample transaction 777
2025-01-02 11:51:48.224364,11440.75,Expense,Marketing,Sample transaction 778
2024-12-11 11:51:48.224369,3752.48,Expense,Marketing,Sample transaction 779
2023-12-28 11:51:48.224374,30212.08,Expense,Finance,Sample transaction 780
2025-05-14 11:51:48.224379,33443.82,Expense,IT,Sample transaction 781
2024-05-19 11:51:48.224384,31012.57,Revenue,Support,Sample transaction 782
2025-04-16 11:51:48.224389,23228.35,Expense,Finance,Sample transaction 783
2024-06-01 11:51:48.224394,19051.31,Revenue,Marketing,Sample transaction 784
2023-08-24 11:51:48.224399,43180.35,Revenue,Finance,Sample transaction 785
2024-09-25 11:51:48.224404,26002.18,Revenue,IT,Sample transaction 786
2025-04-21 11:51:48.224415,24011.18,Revenue,Support,Sample transaction 787
2024-08-27 11:51:48.224420,1379.54,Expense,IT,Sample transaction 788
2024-05-19 11:51:48.224425,17128.27,Revenue,Sales,Sample transaction 789
2024-05-07 11:51:48.224430,19071.76,Expense,Support,Sample transaction 790
2024-09-23 11:51:48.224435,20001.26,Expense,IT,Sample transaction 791
2024-11-21 11:51:48.224440,29050.6,Revenue,Marketing,Sample transaction 792
2025-02-12 11:51:48.224445,26726.77,Expense,Support,Sample transaction 793
2024-04-03 11:51:48.224450,30434.46,Revenue,Support,Sample transaction 794
2024-08-27 11:51:48.224455,38267.67,Revenue,Finance,Sample transaction 795
2024-02-02 11:51:48.224461,40667.99,Expense,Marketing,Sample transaction 796
2025-04-13 11:51:48.224466,35934.34,Expense,Sales,Sample transaction 797
2024-01-12 11:51:48.224471,47780.63,Revenue,IT,Sample transaction 798
2025-05-08 11:51:48.224476,1009.81,Expense,Finance,Sample transaction 799
2025-03-17 11:51:48.224480,9869.32,Expense,IT,Sample transaction 800
2025-03-12 11:51:48.224485,477.39,Expense,Sales,Sample transaction 801
2025-01-25 11:51:48.224490,32408.99,Revenue,Sales,Sample transaction 802
2024-06-22 11:51:48.224495,44911.72,Revenue,Support,Sample transaction 803
2024-09-01 11:51:48.224500,12249.77,Expense,Sales,Sample transaction 804
2024-03-07 11:51:48.224505,46359.02,Expense,IT,Sample transaction 805
2025-05-20 11:51:48.224510,3107.34,Expense,Marketing,Sample transaction 806
2024-01-29 11:51:48.224516,46728.36,Expense,Marketing,Sample transaction 807
2025-06-05 11:51:48.224521,17645.97,Expense,Support,Sample transaction 808
2024-05-04 11:51:48.224527,5160.9,Revenue,IT,Sample transaction 809
2025-01-04 11:51:48.224534,24345.0,Expense,IT,Sample transaction 810
2025-03-24 11:51:48.224542,12913.15,Revenue,Sales,Sample transaction 811
2025-06-15 11:51:48.224549,14315.16,Expense,IT,Sample transaction 812
2025-04-08 11:51:48.224556,15433.77,Revenue,Finance,Sample transaction 813
2023-10-04 11:51:48.224564,40170.99,Expense,Sales,Sample transaction 814
2025-01-26 11:51:48.224571,27004.15,Revenue,Finance,Sample transaction 815
2025-04-24 11:51:48.224582,15634.25,Expense,Support,Sample transaction 816
2024-07-19 11:51:48.224589,30555.66,Revenue,Marketing,Sample transaction 817
2024-02-24 11:51:48.224604,35835.92,Revenue,Support,Sample transaction 818
2024-08-02 11:51:48.224613,13703.94,Revenue,Marketing,Sample transaction 819
2023-09-01 11:51:48.224628,20736.1,Revenue,Support,Sample transaction 820
2024-10-20 11:51:48.224643,6182.12,Revenue,IT,Sample transaction 821
2025-01-14 11:51:48.224654,9139.35,Revenue,Finance,Sample transaction 822
2025-01-14 11:51:48.224660,34087.78,Expense,Marketing,Sample transaction 823
2023-09-30 11:51:48.224668,9153.77,Revenue,Sales,Sample transaction 824
2025-04-26 11:51:48.224675,26305.65,Expense,Finance,Sample transaction 825
2023-09-25 11:51:48.224683,35481.41,Expense,Sales,Sample transaction 826
2025-05-28 11:51:48.224689,5433.16,Expense,Finance,Sample transaction 827
2023-11-02 11:51:48.224694,28408.88,Expense,Finance,Sample transaction 828
2025-06-07 11:51:48.224699,12902.48,Expense,Support,Sample transaction 829
2024-06-20 11:51:48.224704,48150.05,Revenue,Marketing,Sample transaction 830
2025-07-23 11:51:48.224709,24228.93,Revenue,Marketing,Sample transaction 831
2024-04-18 11:51:48.224714,40319.03,Revenue,Finance,Sample transaction 832
2023-12-02 11:51:48.224719,27556.3,Expense,IT,Sample transaction 833
2023-09-15 11:51:48.224724,2266.29,Revenue,IT,Sample transaction 834
2024-02-10 11:51:48.224729,31694.25,Revenue,Sales,Sample transaction 835
2024-06-18 11:51:48.224734,47575.03,Revenue,Sales,Sample transaction 836
2024-03-02 11:51:48.224739,30120.43,Revenue,Support,Sample transaction 837
2023-10-22 11:51:48.224744,40977.52,Revenue,Finance,Sample transaction 838
2024-12-07 11:51:48.224749,44221.9,Expense,Sales,Sample transaction 839
2024-02-20 11:51:48.224754,11481.18,Revenue,Sales,Sample transaction 840
2024-08-16 11:51:48.224759,10681.04,Expense,Finance,Sample transaction 841
2025-06-12 11:51:48.224764,30587.95,Expense,Support,Sample transaction 842
2024-01-29 11:51:48.224769,20610.32,Expense,Sales,Sample transaction 843
2025-05-11 11:51:48.224774,42009.08,Expense,Support,Sample transaction 844
2025-05-16 11:51:48.224779,45011.15,Expense,Marketing,Sample transaction 845
2024-11-21 11:51:48.224784,17735.73,Revenue,Support,Sample transaction 846
2025-06-11 11:51:48.224789,11919.84,Revenue,IT,Sample transaction 847
2025-03-29 11:51:48.224794,39048.22,Revenue,IT,Sample transaction 848
2024-12-26 11:51:48.224799,13812.82,Expense,Support,Sample transaction 849
2024-12-01 11:51:48.224804,41148.45,Revenue,IT,Sample transaction 850
2025-06-02 11:51:48.224809,21244.54,Revenue,Marketing,Sample transaction 851
2024-08-12 11:51:48.224814,33410.74,Expense,Finance,Sample transaction 852
2025-04-12 11:51:48.224819,4867.21,Expense,IT,Sample transaction 853
2025-06-10 11:51:48.224824,31230.58,Expense,IT,Sample transaction 854
2024-01-02 11:51:48.224829,22643.21,Expense,Support,Sample transaction 855
2024-08-25 11:51:48.224834,29371.76,Revenue,Marketing,Sample transaction 856
2025-07-02 11:51:48.224839,8483.91,Expense,Finance,Sample transaction 857
2024-11-13 11:51:48.224844,36870.0,Expense,Support,Sample transaction 858
2025-07-20 11:51:48.224850,43153.57,Revenue,Support,Sample transaction 859
2023-11-11 11:51:48.224855,10915.32,Revenue,Marketing,Sample transaction 860
2024-11-17 11:51:48.224861,4876.16,Expense,Finance,Sample transaction 861
2023-09-05 11:51:48.224866,1279.57,Revenue,Marketing,Sample transaction 862
2023-08-09 11:51:48.224871,32134.38,Expense,Finance,Sample transaction 863
2024-09-28 11:51:48.224876,30393.99,Expense,Marketing,Sample transaction 864
2023-10-28 11:51:48.224881,27380.2,Revenue,Support,Sample transaction 865
2025-06-02 11:51:48.224886,11674.16,Revenue,Support,Sample transaction 866
2023-08-02 11:51:48.224891,19606.21,Expense,Sales,Sample transaction 867
2024-02-18 11:51:48.224896,29764.37,Expense,IT,Sample transaction 868
2024-04-10 11:51:48.224901,24888.67,Expense,Marketing,Sample transaction 869
2025-06-30 11:51:48.224907,49390.5,Revenue,Sales,Sample transaction 870
2025-05-11 11:51:48.224912,6908.34,Expense,IT,Sample transaction 871
2024-12-24 11:51:48.224917,34787.71,Expense,Marketing,Sample transaction 872
2024-07-07 11:51:48.224927,20275.51,Expense,Finance,Sample transaction 873
2024-07-28 11:51:48.224933,21467.16,Expense,IT,Sample transaction 874
2023-10-01 11:51:48.224939,35908.13,Expense,Support,Sample transaction 875
2024-02-18 11:51:48.224944,34652.56,Revenue,Sales,Sample transaction 876
2023-08-29 11:51:48.224949,49563.67,Expense,IT,Sample transaction 877
2024-09-19 11:51:48.224954,6506.88,Expense,IT,Sample transaction 878
2025-07-21 11:51:48.224959,5295.07,Expense,Support,Sample transaction 879
2025-07-25 11:51:48.224964,36244.51,Expense,Marketing,Sample transaction 880
2023-11-13 11:51:48.224969,28961.51,Revenue,Finance,Sample transaction 881
2024-07-30 11:51:48.224974,13780.62,Revenue,Support,Sample transaction 882
2024-03-07 11:51:48.224979,4063.03,Revenue,Finance,Sample transaction 883
2024-10-27 11:51:48.224984,4374.35,Expense,Marketing,Sample transaction 884
2024-03-09 11:51:48.224989,44720.12,Expense,IT,Sample transaction 885
2025-07-13 11:51:48.224994,9674.18,Revenue,Finance,Sample transaction 886
2025-01-17 11:51:48.224999,16236.24,Revenue,Sales,Sample transaction 887
2023-11-05 11:51:48.225004,11410.15,Revenue,Sales,Sample transaction 888
2024-03-30 11:51:48.225009,17814.32,Expense,Support,Sample transaction 889
2025-06-30 11:51:48.225014,3564.25,Expense,Marketing,Sample transaction 890
2023-08-14 11:51:48.225019,26001.08,Revenue,Support,Sample transaction 891
2025-06-19 11:51:48.225024,3473.87,Revenue,Support,Sample transaction 892
2024-10-28 11:51:48.225029,40037.79,Revenue,Support,Sample transaction 893
2024-12-09 11:51:48.225034,11762.23,Expense,Sales,Sample transaction 894
2025-05-03 11:51:48.225039,27046.59,Expense,Sales,Sample transaction 895
2024-04-10 11:51:48.225044,44015.95,Expense,Support,Sample transaction 896
2025-03-24 11:51:48.225048,32578.78,Revenue,Sales,Sample transaction 897
2024-02-07 11:51:48.225053,26694.59,Revenue,Marketing,Sample transaction 898
2025-03-05 11:51:48.225058,16284.25,Expense,Support,Sample transaction 899
2024-02-19 11:51:48.225063,16716.8,Revenue,Sales,Sample transaction 900
2024-12-28 11:51:48.225068,33507.4,Expense,Finance,Sample transaction 901
2025-07-03 11:51:48.225073,49707.55,Revenue,Support,Sample transaction 902
2023-12-26 11:51:48.225078,33125.78,Revenue,Support,Sample transaction 903
2024-06-29 11:51:48.225083,27933.39,Revenue,Marketing,Sample transaction 904
2025-05-22 11:51:48.225088,36559.46,Revenue,IT,Sample transaction 905
2024-12-07 11:51:48.225093,23313.76,Expense,IT,Sample transaction 906
2025-04-10 11:51:48.225098,3101.1,Revenue,Marketing,Sample transaction 907
2025-03-04 11:51:48.225103,28158.61,Expense,Marketing,Sample transaction 908
2025-04-08 11:51:48.225108,47885.5,Expense,Marketing,Sample transaction 909
2024-12-12 11:51:48.225112,8847.62,Expense,IT,Sample transaction 910
2025-04-08 11:51:48.225117,34531.24,Revenue,Marketing,Sample transaction 911
2024-04-14 11:51:48.225122,10126.59,Expense,Sales,Sample transaction 912
2025-06-24 11:51:48.225127,26837.8,Expense,Support,Sample transaction 913
2023-11-13 11:51:48.225132,4924.15,Expense,Support,Sample transaction 914
2024-07-24 11:51:48.225137,22573.51,Revenue,Finance,Sample transaction 915
2023-12-11 11:51:48.225142,37832.55,Revenue,Finance,Sample transaction 916
2024-01-21 11:51:48.225147,17443.82,Expense,Support,Sample transaction 917
2024-05-29 11:51:48.225152,33279.1,Revenue,Sales,Sample transaction 918
2023-11-23 11:51:48.225157,39792.95,Expense,IT,Sample transaction 919
2024-02-26 11:51:48.225162,46366.17,Expense,IT,Sample transaction 920
2023-09-05 11:51:48.225167,11808.64,Revenue,Sales,Sample transaction 921
2024-10-19 11:51:48.225172,20025.86,Expense,IT,Sample transaction 922
2024-09-11 11:51:48.225177,7705.56,Revenue,Marketing,Sample transaction 923
2024-05-11 11:51:48.225182,49624.93,Revenue,Support,Sample transaction 924
2024-09-16 11:51:48.225187,46357.35,Expense,Support,Sample transaction 925
2024-07-16 11:51:48.225191,27043.86,Revenue,Sales,Sample transaction 926
2024-10-12 11:51:48.225196,42117.46,Revenue,IT,Sample transaction 927
2024-05-17 11:51:48.225201,26095.8,Expense,Finance,Sample transaction 928
2023-10-05 11:51:48.225206,31216.93,Expense,Finance,Sample transaction 929
2024-10-24 11:51:48.225211,4547.31,Revenue,IT,Sample transaction 930
2023-08-18 11:51:48.225216,37787.99,Revenue,Finance,Sample transaction 931
2023-12-24 11:51:48.225221,6472.9,Expense,Sales,Sample transaction 932
2024-03-12 11:51:48.225226,41320.77,Revenue,Sales,Sample transaction 933
2023-11-12 11:51:48.225231,39123.2,Revenue,IT,Sample transaction 934
2024-02-28 11:51:48.225236,35466.36,Revenue,Finance,Sample transaction 935
2024-08-12 11:51:48.225241,1904.4,Revenue,Sales,Sample transaction 936
2024-05-08 11:51:48.225246,15226.1,Revenue,Sales,Sample transaction 937
2024-08-12 11:51:48.225251,13229.32,Revenue,Marketing,Sample transaction 938
2023-11-29 11:51:48.225256,18070.81,Revenue,Marketing,Sample transaction 939
2023-10-03 11:51:48.225261,4473.37,Expense,Sales,Sample transaction 940
2025-03-13 11:51:48.225266,46854.2,Expense,IT,Sample transaction 941
2024-11-27 11:51:48.225271,27734.73,Expense,Support,Sample transaction 942
2024-02-01 11:51:48.225276,15345.66,Expense,Support,Sample transaction 943
2025-06-18 11:51:48.225281,19909.38,Expense,Sales,Sample transaction 944
2024-12-11 11:51:48.225285,22415.41,Revenue,Sales,Sample transaction 945
2024-01-27 11:51:48.225290,30069.66,Revenue,Sales,Sample transaction 946
2024-12-17 11:51:48.225295,25832.4,Revenue,IT,Sample transaction 947
2025-07-22 11:51:48.225300,45977.66,Revenue,Marketing,Sample transaction 948
2024-09-09 11:51:48.225305,24898.48,Expense,Sales,Sample transaction 949
2024-04-16 11:51:48.225310,49608.68,Revenue,Sales,Sample transaction 950
2025-05-14 11:51:48.225315,42586.11,Revenue,Finance,Sample transaction 951
2025-07-24 11:51:48.225320,10504.67,Expense,IT,Sample transaction 952
2023-10-21 11:51:48.225325,46536.7,Revenue,Sales,Sample transaction 953
2025-04-01 11:51:48.225330,5906.68,Revenue,Finance,Sample transaction 954
2023-11-30 11:51:48.225335,40890.74,Expense,Support,Sample transaction 955
2024-03-11 11:51:48.225340,19093.1,Revenue,Sales,Sample transaction 956
2024-01-01 11:51:48.225348,43910.92,Revenue,Sales,Sample transaction 957
2024-05-13 11:51:48.225354,43416.03,Revenue,Finance,Sample transaction 958
2025-01-15 11:51:48.225358,40315.68,Revenue,IT,Sample transaction 959
2023-08-13 11:51:48.225363,39522.52,Revenue,Sales,Sample transaction 960
2024-07-01 11:51:48.225368,15303.49,Expense,Support,Sample transaction 961
2025-07-02 11:51:48.225373,4137.87,Expense,Sales,Sample transaction 962
2024-05-19 11:51:48.225378,20208.71,Expense,Support,Sample transaction 963
2025-02-05 11:51:48.225383,8758.87,Expense,Marketing,Sample transaction 964
2024-10-01 11:51:48.225388,34778.06,Expense,Marketing,Sample transaction 965
2023-10-22 11:51:48.225393,17370.38,Expense,Support,Sample transaction 966
2024-09-05 11:51:48.225398,48782.95,Revenue,IT,Sample transaction 967
2024-06-13 11:51:48.225403,32084.51,Expense,Sales,Sample transaction 968
2025-04-01 11:51:48.225408,41141.78,Expense,Sales,Sample transaction 969
2023-08-04 11:51:48.225413,6712.98,Revenue,Marketing,Sample transaction 970
2024-12-15 11:51:48.225418,43114.52,Revenue,Support,Sample transaction 971
2024-02-12 11:51:48.225422,46145.58,Expense,Sales,Sample transaction 972
2025-04-06 11:51:48.225428,24404.39,Revenue,Sales,Sample transaction 973
2025-03-10 11:51:48.225433,30352.02,Expense,IT,Sample transaction 974
2024-01-16 11:51:48.225437,38264.01,Revenue,Finance,Sample transaction 975
2025-07-27 11:51:48.225442,8824.45,Expense,Marketing,Sample transaction 976
2025-04-29 11:51:48.225447,25178.05,Revenue,Marketing,Sample transaction 977
2023-10-13 11:51:48.225452,19993.29,Revenue,Finance,Sample transaction 978
2024-09-11 11:51:48.225457,7404.06,Expense,Sales,Sample transaction 979
2024-01-25 11:51:48.225462,18439.97,Expense,IT,Sample transaction 980
2025-03-11 11:51:48.225467,3501.8,Expense,IT,Sample transaction 981
2024-03-04 11:51:48.225472,1388.01,Expense,Marketing,Sample transaction 982
2024-11-11 11:51:48.225477,6844.8,Expense,IT,Sample transaction 983
2023-09-24 11:51:48.225482,48159.44,Revenue,Finance,Sample transaction 984
2023-09-07 11:51:48.225487,27521.52,Expense,Sales,Sample transaction 985
2025-07-18 11:51:48.225492,48294.53,Expense,Finance,Sample transaction 986
2024-11-09 11:51:48.225497,21681.64,Revenue,Support,Sample transaction 987
2023-10-17 11:51:48.225501,15659.63,Revenue,Marketing,Sample transaction 988
2025-02-06 11:51:48.225506,25356.48,Expense,IT,Sample transaction 989
2025-07-15 11:51:48.225511,22031.63,Revenue,Support,Sample transaction 990
2025-02-10 11:51:48.225516,5372.67,Revenue,IT,Sample transaction 991
2023-10-25 11:51:48.225521,32077.23,Expense,Sales,Sample transaction 992
2023-12-10 11:51:48.225526,10880.31,Revenue,Sales,Sample transaction 993
2024-09-10 11:51:48.225531,31017.44,Revenue,Sales,Sample transaction 994
2024-09-12 11:51:48.225536,32545.03,Expense,IT,Sample transaction 995
2023-11-23 11:51:48.225541,7686.04,Expense,Support,Sample transaction 996
2024-09-02 11:51:48.225546,3161.35,Revenue,Sales,Sample transaction 997
2024-01-25 11:51:48.225551,39060.0,Revenue,Support,Sample transaction 998
2024-06-04 11:51:48.225556,23044.04,Expense,IT,Sample transaction 999
